,varname,importance,state
0,lag_1,0.13296785576999703,all
1,lag_2,0.11349947271454594,all
2,lag_3,0.13418206598986274,all
3,lag_4,0.14558679089947926,all
4,lag_5,0.043368917968737875,all
5,lag_6,0.06074592236113172,all
6,lag_7,0.41257821437732733,all
7,InBedsOccAnyPat__Numbeds_Est,0.021105915451300562,all
8,InBedsOccCOVID__Numbeds_Est,0.011943607007617651,all
9,ICUBedsOccAnyPat__N_ICUBeds_Est,0.018892897493250717,all
10,Log_InpatBeds_Occ_AnyPat_Est,0.01511139097555505,all
11,Log_InpatBeds_Occ_AnyPat_Est_Avail,0.008530612463121923,all
12,Log_InpatBeds_Occ_COVID_Est,0.00838259753591859,all
13,Log_ICUBeds_Occ_AnyPat_Est,0.008015122858598112,all
14,Log_ICUBeds_Occ_AnyPat_Est_Avail,0.01548674705046913,all
15,stay at home order,0.0012325701704403614,all
16,face mask mandatory,0.00021536836906368428,all
17,restaurant closed,0.00033349204167487656,all
18,business closed,0.0020824699251993815,all
19,religious gathering forbidden,0.0006370704955281914,all
20,face mask fine,0.0005852193952906148,all
21,Density,0.0033774503661359923,all
22,Under 18,0.004374742186087022,all
23,Over 65,0.004727543950210311,all
24,Population,0.004402458057328617,all
25,sex,0.004438725351571948,all
26,white,0.008308926580777554,all
27,black,0.00989531664270562,all
28,indian(Native),0.005190170879706857,all
29,asian,0.006926225977322531,all
30,hawaiian,0.0021739193952944546,all
31,lag_1,0.012384260995941499,AK
32,lag_2,0.032898697510488684,AK
33,lag_3,0.36229908963052104,AK
34,lag_4,0.028385221920058146,AK
35,lag_5,0.09270803745343588,AK
36,lag_6,0.021066637013454837,AK
37,lag_7,0.24641202226568554,AK
38,InBedsOccAnyPat__Numbeds_Est,0.010642279193632476,AK
39,InBedsOccCOVID__Numbeds_Est,0.00899805622664589,AK
40,ICUBedsOccAnyPat__N_ICUBeds_Est,0.009556919260566987,AK
41,Log_InpatBeds_Occ_AnyPat_Est,0.006261264841308267,AK
42,Log_InpatBeds_Occ_AnyPat_Est_Avail,0.027163463374948994,AK
43,Log_InpatBeds_Occ_COVID_Est,0.0046970251039245795,AK
44,Log_ICUBeds_Occ_AnyPat_Est,0.019602870898403603,AK
45,Log_ICUBeds_Occ_AnyPat_Est_Avail,0.00791906496016186,AK
46,stay at home order,0.00010830629792515367,AK
47,face mask mandatory,0.0006301594487113871,AK
48,restaurant closed,0.0004995999084341562,AK
49,business closed,0.0004651294071572387,AK
50,lag_1,0.30663648514197583,AL
51,lag_2,0.08778303342664755,AL
52,lag_3,0.023250530528402914,AL
53,lag_4,0.030062158321917387,AL
54,lag_5,0.042468852132746,AL
55,lag_6,0.13323001495289846,AL
56,lag_7,0.0627752102349343,AL
57,InBedsOccAnyPat__Numbeds_Est,0.030973606646695462,AL
58,InBedsOccCOVID__Numbeds_Est,0.010135249591366757,AL
59,ICUBedsOccAnyPat__N_ICUBeds_Est,0.05545462867604849,AL
60,Log_InpatBeds_Occ_AnyPat_Est,0.0860257656977785,AL
61,Log_InpatBeds_Occ_AnyPat_Est_Avail,0.041083494594112646,AL
62,Log_InpatBeds_Occ_COVID_Est,0.06664292045570994,AL
63,Log_ICUBeds_Occ_AnyPat_Est,0.04272530355076722,AL
64,Log_ICUBeds_Occ_AnyPat_Est_Avail,0.017224426422524863,AL
65,stay at home order,0.00028592945147773994,AL
66,restaurant closed,0.000414402363364208,AL
67,business closed,0.003144047669637562,AL
68,lag_1,0.017955274377121633,AR
69,lag_2,0.04651190146406996,AR
70,lag_3,0.3016976947852,AR
71,lag_4,0.04450982188260359,AR
72,lag_5,0.010306952924833301,AR
73,lag_6,0.014506696835587918,AR
74,lag_7,0.09475254872715337,AR
75,InBedsOccAnyPat__Numbeds_Est,0.10735053283460157,AR
76,InBedsOccCOVID__Numbeds_Est,0.009925530943201876,AR
77,ICUBedsOccAnyPat__N_ICUBeds_Est,0.040787550949348474,AR
78,Log_InpatBeds_Occ_AnyPat_Est,0.0901117254248732,AR
79,Log_InpatBeds_Occ_AnyPat_Est_Avail,0.06659680079402128,AR
80,Log_InpatBeds_Occ_COVID_Est,0.018694649197674516,AR
81,Log_ICUBeds_Occ_AnyPat_Est,0.021196530044874318,AR
82,Log_ICUBeds_Occ_AnyPat_Est_Avail,0.04903981714436334,AR
83,restaurant closed,0.0012329669904164397,AR
84,business closed,0.0016021606263784348,AR
85,lag_1,0.033128227528816986,AZ
86,lag_2,0.06454407094255163,AZ
87,lag_3,0.025879456313835435,AZ
88,lag_4,0.03053699900649769,AZ
89,lag_5,0.02581696147735213,AZ
90,lag_6,0.15260793695277075,AZ
91,lag_7,0.08193274550164911,AZ
92,InBedsOccAnyPat__Numbeds_Est,0.015038875313750278,AZ
93,InBedsOccCOVID__Numbeds_Est,0.09060611759491297,AZ
94,ICUBedsOccAnyPat__N_ICUBeds_Est,0.015452675576666342,AZ
95,Log_InpatBeds_Occ_AnyPat_Est,0.036078278607640235,AZ
96,Log_InpatBeds_Occ_AnyPat_Est_Avail,0.027371786257030517,AZ
97,Log_InpatBeds_Occ_COVID_Est,0.11684684002696204,AZ
98,Log_ICUBeds_Occ_AnyPat_Est,0.022973691052322255,AZ
99,Log_ICUBeds_Occ_AnyPat_Est_Avail,0.030542545493686936,AZ
100,stay at home order,0.0012896022148392917,AZ
101,restaurant closed,0.0025751656779053446,AZ
102,business closed,0.08788766558193786,AZ
103,lag_1,0.04804358934857218,CA
104,lag_2,0.048899687088858876,CA
105,lag_3,0.05497552283410441,CA
106,lag_4,0.09432259570646635,CA
107,lag_5,0.007164357092916252,CA
108,lag_6,0.047756785378246194,CA
109,lag_7,0.07903958070491816,CA
110,InBedsOccAnyPat__Numbeds_Est,0.003926105933166113,CA
111,InBedsOccCOVID__Numbeds_Est,0.003604321127483945,CA
112,ICUBedsOccAnyPat__N_ICUBeds_Est,0.0744430103254998,CA
113,Log_InpatBeds_Occ_AnyPat_Est,0.020047108878179953,CA
114,Log_InpatBeds_Occ_AnyPat_Est_Avail,0.0043734744225808475,CA
115,Log_InpatBeds_Occ_COVID_Est,0.004048333731879894,CA
116,Log_ICUBeds_Occ_AnyPat_Est,0.028884351257126295,CA
117,Log_ICUBeds_Occ_AnyPat_Est_Avail,0.1584415129326701,CA
118,face mask mandatory,0.0,CA
119,restaurant closed,5.760785642872079e-06,CA
120,business closed,0.0003297545182032069,CA
121,lag_1,0.04335206866779695,CO
122,lag_2,0.015037968341095253,CO
123,lag_3,0.006895878813917555,CO
124,lag_4,0.002723441632350343,CO
125,lag_5,0.1304004057677165,CO
126,lag_6,0.0105006733621394,CO
127,lag_7,0.07104854185154523,CO
128,InBedsOccAnyPat__Numbeds_Est,0.0025519953088296134,CO
129,InBedsOccCOVID__Numbeds_Est,0.10180017113264446,CO
130,ICUBedsOccAnyPat__N_ICUBeds_Est,0.006865801691966378,CO
131,Log_InpatBeds_Occ_AnyPat_Est,0.003624519044633545,CO
132,Log_InpatBeds_Occ_AnyPat_Est_Avail,0.0028910292610002664,CO
133,Log_InpatBeds_Occ_COVID_Est,0.20410788963716758,CO
134,Log_ICUBeds_Occ_AnyPat_Est,0.006525692104971092,CO
135,Log_ICUBeds_Occ_AnyPat_Est_Avail,0.007206415757340756,CO
136,stay at home order,0.01222344406717304,CO
137,restaurant closed,1.3744470959542455e-05,CO
138,business closed,0.05254202829605346,CO
139,lag_1,0.028557532194731873,CT
140,lag_2,0.022474681734993274,CT
141,lag_3,0.021892210351146323,CT
142,lag_4,0.13172682216349582,CT
143,lag_5,0.07887785663049347,CT
144,lag_6,0.019355317482648692,CT
145,lag_7,0.23292829290604375,CT
146,InBedsOccAnyPat__Numbeds_Est,0.012252395852547115,CT
147,InBedsOccCOVID__Numbeds_Est,0.029647674761536978,CT
148,ICUBedsOccAnyPat__N_ICUBeds_Est,0.013784659557448698,CT
149,Log_InpatBeds_Occ_AnyPat_Est,0.021573339716821228,CT
150,Log_InpatBeds_Occ_AnyPat_Est_Avail,0.02085696967908992,CT
151,Log_InpatBeds_Occ_COVID_Est,0.04194853024702809,CT
152,Log_ICUBeds_Occ_AnyPat_Est,0.02831156162903641,CT
153,Log_ICUBeds_Occ_AnyPat_Est_Avail,0.0038842050625557565,CT
154,restaurant closed,0.005227301238010273,CT
155,business closed,0.002790103983253589,CT
156,lag_1,0.03947511230142151,DE
157,lag_2,0.009994298712772909,DE
158,lag_3,0.007933537638097543,DE
159,lag_4,0.15338716124363955,DE
160,lag_5,0.030214159803687468,DE
161,lag_6,0.03342481660170138,DE
162,lag_7,0.053629110383345543,DE
163,InBedsOccAnyPat__Numbeds_Est,0.0055170904396429025,DE
164,InBedsOccCOVID__Numbeds_Est,0.010453111965877926,DE
165,ICUBedsOccAnyPat__N_ICUBeds_Est,0.023959924591595662,DE
166,Log_InpatBeds_Occ_AnyPat_Est,0.3045922493342171,DE
167,Log_InpatBeds_Occ_AnyPat_Est_Avail,0.0231142970464151,DE
168,Log_InpatBeds_Occ_COVID_Est,0.012774645062005919,DE
169,Log_ICUBeds_Occ_AnyPat_Est,0.009944209283511963,DE
170,Log_ICUBeds_Occ_AnyPat_Est_Avail,0.07527414801437537,DE
171,stay at home order,8.275394307633021e-06,DE
172,face mask mandatory,0.0034704036855051747,DE
173,restaurant closed,-1.7473561442216123e-07,DE
174,business closed,0.00016286296473742024,DE
175,lag_1,0.07308333531194366,FL
176,lag_2,0.06456103655211161,FL
177,lag_3,0.014189736835833421,FL
178,lag_4,0.07485535446748921,FL
179,lag_5,0.12727995813797338,FL
180,lag_6,0.12001281351774343,FL
181,lag_7,0.24169388565772,FL
182,InBedsOccAnyPat__Numbeds_Est,0.01548545816476834,FL
183,InBedsOccCOVID__Numbeds_Est,0.007417205205450417,FL
184,ICUBedsOccAnyPat__N_ICUBeds_Est,0.022253657057710274,FL
185,Log_InpatBeds_Occ_AnyPat_Est,0.0416411130040377,FL
186,Log_InpatBeds_Occ_AnyPat_Est_Avail,0.08499638478485119,FL
187,Log_InpatBeds_Occ_COVID_Est,0.012996261491855465,FL
188,Log_ICUBeds_Occ_AnyPat_Est,0.02910924214639572,FL
189,Log_ICUBeds_Occ_AnyPat_Est_Avail,0.05131441129803904,FL
190,stay at home order,0.0009711183964237868,FL
191,restaurant closed,0.0017027365092560087,FL
192,business closed,0.0010829922002199676,FL
193,lag_1,0.005336636919832505,GA
194,lag_2,0.0032878007936816946,GA
195,lag_3,0.018624495980471667,GA
196,lag_4,0.040762309459317005,GA
197,lag_5,0.24544414465080178,GA
198,lag_6,0.054694316460759375,GA
199,lag_7,0.1952380249920266,GA
200,InBedsOccAnyPat__Numbeds_Est,0.03971787480817488,GA
201,InBedsOccCOVID__Numbeds_Est,0.011621128822485671,GA
202,ICUBedsOccAnyPat__N_ICUBeds_Est,0.0419097994303486,GA
203,Log_InpatBeds_Occ_AnyPat_Est,0.015476158860222956,GA
204,Log_InpatBeds_Occ_AnyPat_Est_Avail,0.02571856579541989,GA
205,Log_InpatBeds_Occ_COVID_Est,0.007950767409426152,GA
206,Log_ICUBeds_Occ_AnyPat_Est,0.04715638443396517,GA
207,Log_ICUBeds_Occ_AnyPat_Est_Avail,0.04406712735044136,GA
208,stay at home order,0.0022366381814046933,GA
209,restaurant closed,0.0005959341589146128,GA
210,lag_1,0.026589247820123684,HI
211,lag_2,0.12831447293420567,HI
212,lag_3,0.10644494385326278,HI
213,lag_4,0.061889820627352064,HI
214,lag_5,0.04054045063049463,HI
215,lag_6,0.025035324755741016,HI
216,lag_7,0.13449971972005142,HI
217,InBedsOccAnyPat__Numbeds_Est,0.02784566206453838,HI
218,InBedsOccCOVID__Numbeds_Est,0.030594184754770513,HI
219,ICUBedsOccAnyPat__N_ICUBeds_Est,0.007590562870259787,HI
220,Log_InpatBeds_Occ_AnyPat_Est,0.03392170240186472,HI
221,Log_InpatBeds_Occ_AnyPat_Est_Avail,0.00733834490397125,HI
222,Log_InpatBeds_Occ_COVID_Est,0.12435315779669862,HI
223,Log_ICUBeds_Occ_AnyPat_Est,0.01808928145857349,HI
224,Log_ICUBeds_Occ_AnyPat_Est_Avail,0.015723396351005725,HI
225,stay at home order,-9.917316925456277e-07,HI
226,face mask mandatory,0.0028046143240708643,HI
227,restaurant closed,0.0,HI
228,business closed,0.002714170444084707,HI
229,lag_1,0.03375996612591594,IA
230,lag_2,0.016541520376675046,IA
231,lag_3,0.027605559342098296,IA
232,lag_4,0.02036386771903951,IA
233,lag_5,0.056668438775591023,IA
234,lag_6,0.026426980507298015,IA
235,lag_7,0.0903402566441592,IA
236,InBedsOccAnyPat__Numbeds_Est,0.008121800031513703,IA
237,InBedsOccCOVID__Numbeds_Est,0.022285235005014604,IA
238,ICUBedsOccAnyPat__N_ICUBeds_Est,0.008910345131862285,IA
239,Log_InpatBeds_Occ_AnyPat_Est,0.002964735320283651,IA
240,Log_InpatBeds_Occ_AnyPat_Est_Avail,0.028519026147131976,IA
241,Log_InpatBeds_Occ_COVID_Est,0.02387273540821342,IA
242,Log_ICUBeds_Occ_AnyPat_Est,0.03561145981500504,IA
243,Log_ICUBeds_Occ_AnyPat_Est_Avail,0.4547137753832944,IA
244,restaurant closed,0.0002147735844309162,IA
245,business closed,0.0012219199598785923,IA
246,lag_1,0.03400955373764967,ID
247,lag_2,0.007776654557079166,ID
248,lag_3,0.17752940311169432,ID
249,lag_4,-0.000951278238932618,ID
250,lag_5,0.0017592952042059019,ID
251,lag_6,0.0605106687764065,ID
252,lag_7,0.0755747535125674,ID
253,InBedsOccAnyPat__Numbeds_Est,0.0018775860269340193,ID
254,InBedsOccCOVID__Numbeds_Est,0.002737026531148534,ID
255,ICUBedsOccAnyPat__N_ICUBeds_Est,0.006375423998002306,ID
256,Log_InpatBeds_Occ_AnyPat_Est,-2.300537079058529e-07,ID
257,Log_InpatBeds_Occ_AnyPat_Est_Avail,0.037922345248846634,ID
258,Log_InpatBeds_Occ_COVID_Est,0.12690298206651213,ID
259,Log_ICUBeds_Occ_AnyPat_Est,0.0019693473398794347,ID
260,Log_ICUBeds_Occ_AnyPat_Est_Avail,0.0029104940645156008,ID
261,stay at home order,2.1084325029696595e-05,ID
262,restaurant closed,5.35869917285936e-05,ID
263,business closed,-1.6539958668193578e-05,ID
264,lag_1,0.04068470927276311,IL
265,lag_2,0.16529496928083423,IL
266,lag_3,0.0367461235109388,IL
267,lag_4,0.04658603586472214,IL
268,lag_5,0.02095103708186883,IL
269,lag_6,0.016244525639548348,IL
270,lag_7,0.02431021325780571,IL
271,InBedsOccAnyPat__Numbeds_Est,0.0013354767838515524,IL
272,InBedsOccCOVID__Numbeds_Est,0.0424659476917824,IL
273,ICUBedsOccAnyPat__N_ICUBeds_Est,0.004782844218247017,IL
274,Log_InpatBeds_Occ_AnyPat_Est,0.0019122956278959879,IL
275,Log_InpatBeds_Occ_AnyPat_Est_Avail,0.0020876659822003374,IL
276,Log_InpatBeds_Occ_COVID_Est,0.022291295540930768,IL
277,Log_ICUBeds_Occ_AnyPat_Est,0.0024055529885244733,IL
278,Log_ICUBeds_Occ_AnyPat_Est_Avail,0.0018967256046935831,IL
279,stay at home order,1.1514735967921297e-05,IL
280,face mask mandatory,0.009845304561922364,IL
281,restaurant closed,-2.1741867714641925e-06,IL
282,business closed,2.2294375719100757e-06,IL
283,lag_1,0.06248872411354482,IN
284,lag_2,0.011282355601687732,IN
285,lag_3,0.018609254743657357,IN
286,lag_4,0.020286321032277475,IN
287,lag_5,0.03766187046649187,IN
288,lag_6,0.24363499422455331,IN
289,lag_7,0.018607682421221683,IN
290,InBedsOccAnyPat__Numbeds_Est,0.003252034737112086,IN
291,InBedsOccCOVID__Numbeds_Est,0.016877185232381086,IN
292,ICUBedsOccAnyPat__N_ICUBeds_Est,0.0004235452280427321,IN
293,Log_InpatBeds_Occ_AnyPat_Est,0.00741306783594069,IN
294,Log_InpatBeds_Occ_AnyPat_Est_Avail,0.004700136399354249,IN
295,Log_InpatBeds_Occ_COVID_Est,0.02255817532146105,IN
296,Log_ICUBeds_Occ_AnyPat_Est,0.0065202340787974935,IN
297,Log_ICUBeds_Occ_AnyPat_Est_Avail,0.0038519356310882324,IN
298,stay at home order,-1.65212811626958e-06,IN
299,restaurant closed,1.9357157443811167e-05,IN
300,business closed,3.0654428495258124e-05,IN
301,lag_1,0.043083713463670306,KS
302,lag_2,0.03478069409127142,KS
303,lag_3,0.013340738124008355,KS
304,lag_4,0.04574400205509303,KS
305,lag_5,0.03922615394165914,KS
306,lag_6,0.06607411488735637,KS
307,lag_7,0.21451170515874285,KS
308,InBedsOccAnyPat__Numbeds_Est,0.025546752360461868,KS
309,InBedsOccCOVID__Numbeds_Est,0.005018212111382536,KS
310,ICUBedsOccAnyPat__N_ICUBeds_Est,0.07190291648716193,KS
311,Log_InpatBeds_Occ_AnyPat_Est,0.1029240525079278,KS
312,Log_InpatBeds_Occ_AnyPat_Est_Avail,0.022478073693592625,KS
313,Log_InpatBeds_Occ_COVID_Est,0.008380682622107005,KS
314,Log_ICUBeds_Occ_AnyPat_Est,0.019246179704101384,KS
315,Log_ICUBeds_Occ_AnyPat_Est_Avail,0.011802711668765276,KS
316,stay at home order,0.029852437071243743,KS
317,face mask mandatory,0.0,KS
318,restaurant closed,0.010616929522450325,KS
319,business closed,0.03036969854439866,KS
320,lag_1,0.03249234585341583,KY
321,lag_2,0.33191254279463334,KY
322,lag_3,0.024230410302160908,KY
323,lag_4,0.028874848665609854,KY
324,lag_5,0.020450040246706536,KY
325,lag_6,0.09014838678644917,KY
326,lag_7,0.1135507987303429,KY
327,InBedsOccAnyPat__Numbeds_Est,0.02502031693843785,KY
328,InBedsOccCOVID__Numbeds_Est,0.006842319834447141,KY
329,ICUBedsOccAnyPat__N_ICUBeds_Est,0.0249682213444693,KY
330,Log_InpatBeds_Occ_AnyPat_Est,0.055298025306579124,KY
331,Log_InpatBeds_Occ_AnyPat_Est_Avail,0.04044368963418128,KY
332,Log_InpatBeds_Occ_COVID_Est,0.03297831091413839,KY
333,Log_ICUBeds_Occ_AnyPat_Est,0.01589590417077926,KY
334,Log_ICUBeds_Occ_AnyPat_Est_Avail,0.04520004865234428,KY
335,face mask mandatory,2.434659439811693e-05,KY
336,restaurant closed,0.00016185888433613017,KY
337,business closed,4.972974379846562e-06,KY
338,lag_1,0.0291937934732742,LA
339,lag_2,0.5894739903653898,LA
340,lag_3,0.03308044676502273,LA
341,lag_4,0.00132360977229804,LA
342,lag_5,0.013336745666341044,LA
343,lag_6,0.00794972777040237,LA
344,lag_7,0.005111560356184808,LA
345,InBedsOccAnyPat__Numbeds_Est,0.008372597736483444,LA
346,InBedsOccCOVID__Numbeds_Est,0.015662003495350584,LA
347,ICUBedsOccAnyPat__N_ICUBeds_Est,0.004293192341381457,LA
348,Log_InpatBeds_Occ_AnyPat_Est,0.008233079935898124,LA
349,Log_InpatBeds_Occ_AnyPat_Est_Avail,0.012648848110524313,LA
350,Log_InpatBeds_Occ_COVID_Est,0.0006932861077649122,LA
351,Log_ICUBeds_Occ_AnyPat_Est,0.004854552985874649,LA
352,Log_ICUBeds_Occ_AnyPat_Est_Avail,0.004988029050669263,LA
353,stay at home order,-9.423652844176011e-06,LA
354,restaurant closed,7.419618373272207e-06,LA
355,business closed,-5.3970607471365286e-06,LA
356,lag_1,0.35108362512404173,MA
357,lag_2,0.02029219580372501,MA
358,lag_3,0.007561763788227904,MA
359,lag_4,0.004895573957407318,MA
360,lag_5,0.012597457017870895,MA
361,lag_6,0.01969276640887967,MA
362,lag_7,0.14891928052090003,MA
363,InBedsOccAnyPat__Numbeds_Est,0.003296038199727458,MA
364,InBedsOccCOVID__Numbeds_Est,0.0038118995962948656,MA
365,ICUBedsOccAnyPat__N_ICUBeds_Est,0.008008845355624804,MA
366,Log_InpatBeds_Occ_AnyPat_Est,0.04581830904496518,MA
367,Log_InpatBeds_Occ_AnyPat_Est_Avail,0.018294866487985374,MA
368,Log_InpatBeds_Occ_COVID_Est,0.007707854196561392,MA
369,Log_ICUBeds_Occ_AnyPat_Est,0.029231484707330568,MA
370,Log_ICUBeds_Occ_AnyPat_Est_Avail,0.00593058263558226,MA
371,stay at home order,4.123231167836305e-05,MA
372,face mask mandatory,6.410407904078319e-06,MA
373,restaurant closed,0.0,MA
374,business closed,0.00015873104133516945,MA
375,lag_1,0.04062009063346768,MD
376,lag_2,0.04427265692684188,MD
377,lag_3,0.007393274576125019,MD
378,lag_4,0.041672740521213794,MD
379,lag_5,0.03155706234700715,MD
380,lag_6,0.017551222099132135,MD
381,lag_7,0.0905617241861344,MD
382,InBedsOccAnyPat__Numbeds_Est,0.027923668204016615,MD
383,InBedsOccCOVID__Numbeds_Est,0.46268805495884735,MD
384,ICUBedsOccAnyPat__N_ICUBeds_Est,0.016911715202128662,MD
385,Log_InpatBeds_Occ_AnyPat_Est,0.018846504936781017,MD
386,Log_InpatBeds_Occ_AnyPat_Est_Avail,0.028379268111165513,MD
387,Log_InpatBeds_Occ_COVID_Est,0.00785056915235367,MD
388,Log_ICUBeds_Occ_AnyPat_Est,0.004885610839689946,MD
389,Log_ICUBeds_Occ_AnyPat_Est_Avail,0.005765286648960655,MD
390,stay at home order,0.00012335458057826098,MD
391,face mask mandatory,0.00026308379941906155,MD
392,restaurant closed,4.7779148634385925e-05,MD
393,business closed,7.030073814704441e-05,MD
394,lag_1,0.14869079800539003,ME
395,lag_2,0.039364236653609844,ME
396,lag_3,0.011445330066849713,ME
397,lag_4,0.07931970662709709,ME
398,lag_5,0.21403447368802545,ME
399,lag_6,0.04279191075665685,ME
400,lag_7,0.04913183891467985,ME
401,InBedsOccAnyPat__Numbeds_Est,0.007383526774677973,ME
402,InBedsOccCOVID__Numbeds_Est,0.012435997122395714,ME
403,ICUBedsOccAnyPat__N_ICUBeds_Est,0.04154011299439884,ME
404,Log_InpatBeds_Occ_AnyPat_Est,0.007730303517398185,ME
405,Log_InpatBeds_Occ_AnyPat_Est_Avail,0.02333299414308008,ME
406,Log_InpatBeds_Occ_COVID_Est,0.03197788374660504,ME
407,Log_ICUBeds_Occ_AnyPat_Est,0.24590224644482223,ME
408,Log_ICUBeds_Occ_AnyPat_Est_Avail,0.08126622697223825,ME
409,stay at home order,0.0005365737276486592,ME
410,face mask mandatory,0.00024016258757499908,ME
411,restaurant closed,-8.310868109151492e-06,ME
412,business closed,0.00044022340687082105,ME
413,lag_1,0.0740098270502078,MI
414,lag_2,0.030884819017093834,MI
415,lag_3,0.05176489371241222,MI
416,lag_4,0.04016679066618143,MI
417,lag_5,0.03111100775343607,MI
418,lag_6,0.025063063133986586,MI
419,lag_7,0.07349253731712158,MI
420,InBedsOccAnyPat__Numbeds_Est,0.001245004549887363,MI
421,InBedsOccCOVID__Numbeds_Est,0.026054135215727192,MI
422,ICUBedsOccAnyPat__N_ICUBeds_Est,0.010935767492685855,MI
423,Log_InpatBeds_Occ_AnyPat_Est,0.0014083890101894037,MI
424,Log_InpatBeds_Occ_AnyPat_Est_Avail,0.0024346069796409298,MI
425,Log_InpatBeds_Occ_COVID_Est,0.00533423762072247,MI
426,Log_ICUBeds_Occ_AnyPat_Est,0.003216398160288403,MI
427,Log_ICUBeds_Occ_AnyPat_Est_Avail,0.008651165913136527,MI
428,stay at home order,8.654265400886984e-06,MI
429,face mask mandatory,2.1597835097475482e-05,MI
430,restaurant closed,0.0,MI
431,business closed,-4.859513022847928e-06,MI
432,lag_1,0.14022820291381607,MN
433,lag_2,0.046649853377821945,MN
434,lag_3,0.037274660878673885,MN
435,lag_4,0.27465058236004214,MN
436,lag_5,0.04339776973070926,MN
437,lag_6,0.025943908265610327,MN
438,lag_7,0.0760775400338134,MN
439,InBedsOccAnyPat__Numbeds_Est,0.030430537766821763,MN
440,InBedsOccCOVID__Numbeds_Est,0.04081415165765956,MN
441,ICUBedsOccAnyPat__N_ICUBeds_Est,0.09241325066524793,MN
442,Log_InpatBeds_Occ_AnyPat_Est,0.026611233123922596,MN
443,Log_InpatBeds_Occ_AnyPat_Est_Avail,0.04476254830439723,MN
444,Log_InpatBeds_Occ_COVID_Est,0.07045815998887886,MN
445,Log_ICUBeds_Occ_AnyPat_Est,0.03180238520841461,MN
446,Log_ICUBeds_Occ_AnyPat_Est_Avail,0.03296133162354764,MN
447,stay at home order,0.0018284217245757128,MN
448,restaurant closed,0.0001576033767239915,MN
449,business closed,-0.00012254703925351773,MN
450,lag_1,0.05656853403134852,MO
451,lag_2,0.009587220601491886,MO
452,lag_3,0.007335417276236766,MO
453,lag_4,0.0030604664047407136,MO
454,lag_5,0.004662475148727463,MO
455,lag_6,0.2517674804100702,MO
456,lag_7,0.35877509848440703,MO
457,InBedsOccAnyPat__Numbeds_Est,0.003079815978129763,MO
458,InBedsOccCOVID__Numbeds_Est,0.004303973809422157,MO
459,ICUBedsOccAnyPat__N_ICUBeds_Est,0.008794322889788297,MO
460,Log_InpatBeds_Occ_AnyPat_Est,0.003295374056413447,MO
461,Log_InpatBeds_Occ_AnyPat_Est_Avail,0.007675090037325383,MO
462,Log_InpatBeds_Occ_COVID_Est,0.0033196863677450008,MO
463,Log_ICUBeds_Occ_AnyPat_Est,0.0022700879684319553,MO
464,Log_ICUBeds_Occ_AnyPat_Est_Avail,0.003460101479635669,MO
465,stay at home order,0.0018742310655116778,MO
466,restaurant closed,0.0018230241748981469,MO
467,business closed,0.00540117396990214,MO
468,lag_1,0.03730659555992923,MS
469,lag_2,0.015916157068169512,MS
470,lag_3,0.04990404088376297,MS
471,lag_4,0.027398377755750512,MS
472,lag_5,0.02177785047801044,MS
473,lag_6,0.02112197544440635,MS
474,lag_7,0.7246514402452839,MS
475,InBedsOccAnyPat__Numbeds_Est,0.011416575918099015,MS
476,InBedsOccCOVID__Numbeds_Est,0.01257577028196204,MS
477,ICUBedsOccAnyPat__N_ICUBeds_Est,0.010097108576318315,MS
478,Log_InpatBeds_Occ_AnyPat_Est,0.05574358673405864,MS
479,Log_InpatBeds_Occ_AnyPat_Est_Avail,0.03391925055454248,MS
480,Log_InpatBeds_Occ_COVID_Est,0.025463221328275342,MS
481,Log_ICUBeds_Occ_AnyPat_Est,0.018859503668851474,MS
482,Log_ICUBeds_Occ_AnyPat_Est_Avail,0.014885622006863964,MS
483,stay at home order,0.0018451563734936504,MS
484,restaurant closed,0.0026543198733151472,MS
485,business closed,0.0013907541309274186,MS
486,lag_1,0.05406382262390304,MT
487,lag_2,0.05514350592557824,MT
488,lag_3,0.2945791989893099,MT
489,lag_4,0.03709521690150017,MT
490,lag_5,0.03034717886019169,MT
491,lag_6,0.02156970327765606,MT
492,lag_7,0.033599506024345804,MT
493,InBedsOccAnyPat__Numbeds_Est,0.006721432269833838,MT
494,InBedsOccCOVID__Numbeds_Est,0.021785317262098536,MT
495,ICUBedsOccAnyPat__N_ICUBeds_Est,0.005436668118520416,MT
496,Log_InpatBeds_Occ_AnyPat_Est,0.003930683923467982,MT
497,Log_InpatBeds_Occ_AnyPat_Est_Avail,0.011519586696244533,MT
498,Log_InpatBeds_Occ_COVID_Est,0.023374897244505744,MT
499,Log_ICUBeds_Occ_AnyPat_Est,0.006953060129211241,MT
500,Log_ICUBeds_Occ_AnyPat_Est_Avail,0.008376184251530217,MT
501,stay at home order,0.00018218799140898856,MT
502,restaurant closed,5.154142699370645e-06,MT
503,business closed,9.981773552600882e-05,MT
504,lag_1,0.007233632922640077,NC
505,lag_2,0.018413607673469622,NC
506,lag_3,1.143329258049483,NC
507,lag_4,0.010560715506068652,NC
508,lag_5,0.011041887301444554,NC
509,lag_6,0.09109602151123805,NC
510,lag_7,0.043688500368296634,NC
511,InBedsOccAnyPat__Numbeds_Est,0.010281046166339913,NC
512,InBedsOccCOVID__Numbeds_Est,0.0031826810907127356,NC
513,ICUBedsOccAnyPat__N_ICUBeds_Est,0.0018070161173860733,NC
514,Log_InpatBeds_Occ_AnyPat_Est,0.01502843353958092,NC
515,Log_InpatBeds_Occ_AnyPat_Est_Avail,0.011707620262328411,NC
516,Log_InpatBeds_Occ_COVID_Est,0.0023121039652802765,NC
517,Log_ICUBeds_Occ_AnyPat_Est,0.041508935725137495,NC
518,Log_ICUBeds_Occ_AnyPat_Est_Avail,0.024143067174286027,NC
519,stay at home order,9.017589329596287e-05,NC
520,face mask mandatory,0.0,NC
521,restaurant closed,0.00020461059951724093,NC
522,business closed,0.0001759347670993616,NC
523,lag_1,1.1189885913357538,ND
524,lag_2,0.01882193810846371,ND
525,lag_3,0.011831004093085417,ND
526,lag_4,0.026230840539379095,ND
527,lag_5,0.019690727049968992,ND
528,lag_6,0.008534178700080487,ND
529,lag_7,0.045055332755991516,ND
530,InBedsOccAnyPat__Numbeds_Est,0.006070330668935586,ND
531,InBedsOccCOVID__Numbeds_Est,0.008712179139999221,ND
532,ICUBedsOccAnyPat__N_ICUBeds_Est,0.015201327007273568,ND
533,Log_InpatBeds_Occ_AnyPat_Est,0.039021653091610764,ND
534,Log_InpatBeds_Occ_AnyPat_Est_Avail,0.03619942098665505,ND
535,Log_InpatBeds_Occ_COVID_Est,0.007058107164583416,ND
536,Log_ICUBeds_Occ_AnyPat_Est,0.03005250504189414,ND
537,Log_ICUBeds_Occ_AnyPat_Est_Avail,0.013640329380481875,ND
538,restaurant closed,0.03362197138987007,ND
539,business closed,0.016910977589795918,ND
540,lag_1,0.08131383392784153,NE
541,lag_2,0.019305474464960316,NE
542,lag_3,0.010777041810380417,NE
543,lag_4,0.020472167425211275,NE
544,lag_5,0.08929699529696304,NE
545,lag_6,0.10611619961286396,NE
546,lag_7,0.32894125941135355,NE
547,InBedsOccAnyPat__Numbeds_Est,0.010439029375621156,NE
548,InBedsOccCOVID__Numbeds_Est,0.003859469543564842,NE
549,ICUBedsOccAnyPat__N_ICUBeds_Est,0.020265047197160758,NE
550,Log_InpatBeds_Occ_AnyPat_Est,0.010315061184946784,NE
551,Log_InpatBeds_Occ_AnyPat_Est_Avail,0.01919103195439702,NE
552,Log_InpatBeds_Occ_COVID_Est,0.006568454821380065,NE
553,Log_ICUBeds_Occ_AnyPat_Est,0.0961332086231492,NE
554,Log_ICUBeds_Occ_AnyPat_Est_Avail,0.021840889700180853,NE
555,restaurant closed,0.00042942440100945944,NE
556,lag_1,0.034130658783634325,NH
557,lag_2,0.04592941874805192,NH
558,lag_3,0.010306499519220335,NH
559,lag_4,0.21023836675414637,NH
560,lag_5,0.04598112037276998,NH
561,lag_6,0.08831375922702678,NH
562,lag_7,0.011647765185046666,NH
563,InBedsOccAnyPat__Numbeds_Est,0.00409460895818452,NH
564,InBedsOccCOVID__Numbeds_Est,0.01007579253378954,NH
565,ICUBedsOccAnyPat__N_ICUBeds_Est,0.0032814208962707926,NH
566,Log_InpatBeds_Occ_AnyPat_Est,0.1563198977809141,NH
567,Log_InpatBeds_Occ_AnyPat_Est_Avail,0.004580119036555375,NH
568,Log_InpatBeds_Occ_COVID_Est,0.009449022528681628,NH
569,Log_ICUBeds_Occ_AnyPat_Est,0.008899622557401865,NH
570,Log_ICUBeds_Occ_AnyPat_Est_Avail,0.004650833196659288,NH
571,stay at home order,0.0,NH
572,restaurant closed,8.365696144350122e-05,NH
573,business closed,0.0018100129021023426,NH
574,lag_1,0.01958411322336575,NJ
575,lag_2,0.1946577320758344,NJ
576,lag_3,0.009836103587016098,NJ
577,lag_4,0.00923352412974907,NJ
578,lag_5,0.1566344130919379,NJ
579,lag_6,0.014170703889102243,NJ
580,lag_7,0.045114018642083996,NJ
581,InBedsOccAnyPat__Numbeds_Est,-0.000242943837255849,NJ
582,InBedsOccCOVID__Numbeds_Est,0.002560194431518492,NJ
583,ICUBedsOccAnyPat__N_ICUBeds_Est,0.007412771048658828,NJ
584,Log_InpatBeds_Occ_AnyPat_Est,0.0014125741939686521,NJ
585,Log_InpatBeds_Occ_AnyPat_Est_Avail,4.056918754353766e-05,NJ
586,Log_InpatBeds_Occ_COVID_Est,0.014529006032460701,NJ
587,Log_ICUBeds_Occ_AnyPat_Est,0.014683799212827276,NJ
588,Log_ICUBeds_Occ_AnyPat_Est_Avail,0.0015996474886581069,NJ
589,stay at home order,0.0,NJ
590,face mask mandatory,0.000649713899195592,NJ
591,restaurant closed,0.0,NJ
592,business closed,3.3065877955706926e-07,NJ
593,lag_1,0.14763485572941637,NM
594,lag_2,0.2183797061993924,NM
595,lag_3,0.0317624872498173,NM
596,lag_4,0.042991224422427796,NM
597,lag_5,0.04363694123089075,NM
598,lag_6,0.008846030273873363,NM
599,lag_7,0.07271496850740682,NM
600,InBedsOccAnyPat__Numbeds_Est,0.0052133713664568315,NM
601,InBedsOccCOVID__Numbeds_Est,0.007383113813896535,NM
602,ICUBedsOccAnyPat__N_ICUBeds_Est,0.003772189969333395,NM
603,Log_InpatBeds_Occ_AnyPat_Est,0.012057259608504501,NM
604,Log_InpatBeds_Occ_AnyPat_Est_Avail,0.015129586894565606,NM
605,Log_InpatBeds_Occ_COVID_Est,0.0025763988077534216,NM
606,Log_ICUBeds_Occ_AnyPat_Est,0.009968841758070602,NM
607,Log_ICUBeds_Occ_AnyPat_Est_Avail,0.005305874023527779,NM
608,face mask mandatory,0.000297957392813375,NM
609,restaurant closed,1.348976448738437e-05,NM
610,business closed,0.00012325295886950194,NM
611,lag_1,0.00842789076753354,NV
612,lag_2,0.01732047078922865,NV
613,lag_3,0.028005491996927458,NV
614,lag_4,0.06598109842007889,NV
615,lag_5,0.032871313804293666,NV
616,lag_6,0.12906489434874913,NV
617,lag_7,0.20457794099604434,NV
618,InBedsOccAnyPat__Numbeds_Est,0.006702735860286868,NV
619,InBedsOccCOVID__Numbeds_Est,0.03422363581758629,NV
620,ICUBedsOccAnyPat__N_ICUBeds_Est,0.0024564906090979834,NV
621,Log_InpatBeds_Occ_AnyPat_Est,0.010316942583740097,NV
622,Log_InpatBeds_Occ_AnyPat_Est_Avail,0.014918300812205177,NV
623,Log_InpatBeds_Occ_COVID_Est,0.041265860229679374,NV
624,Log_ICUBeds_Occ_AnyPat_Est,0.006442921950055802,NV
625,Log_ICUBeds_Occ_AnyPat_Est_Avail,0.0013273405153765515,NV
626,stay at home order,8.630857531195524e-05,NV
627,face mask mandatory,0.0,NV
628,restaurant closed,0.00019783782510249815,NV
629,business closed,0.00018611711585452272,NV
630,lag_1,0.15142407887170772,NY
631,lag_2,0.20848436541271118,NY
632,lag_3,0.10563786338084027,NY
633,lag_4,0.017612993515475274,NY
634,lag_5,0.03208363016223485,NY
635,lag_6,0.005366150925352775,NY
636,lag_7,0.029248435581775322,NY
637,InBedsOccAnyPat__Numbeds_Est,0.010054267470812017,NY
638,InBedsOccCOVID__Numbeds_Est,0.00769419272555254,NY
639,ICUBedsOccAnyPat__N_ICUBeds_Est,0.008917367070208893,NY
640,Log_InpatBeds_Occ_AnyPat_Est,0.0010658570544919144,NY
641,Log_InpatBeds_Occ_AnyPat_Est_Avail,0.03611318969976411,NY
642,Log_InpatBeds_Occ_COVID_Est,0.004669978487902982,NY
643,Log_ICUBeds_Occ_AnyPat_Est,0.004484492817432706,NY
644,Log_ICUBeds_Occ_AnyPat_Est_Avail,0.009261444784117301,NY
645,stay at home order,0.0,NY
646,face mask mandatory,-0.0002901415426873388,NY
647,restaurant closed,0.0,NY
648,business closed,0.0,NY
649,lag_1,0.752369214591376,OH
650,lag_2,0.09291286169772486,OH
651,lag_3,0.00856976908772471,OH
652,lag_4,0.0032401471403811,OH
653,lag_5,0.007021644326624532,OH
654,lag_6,0.008281433980157482,OH
655,lag_7,0.003418632255623044,OH
656,InBedsOccAnyPat__Numbeds_Est,0.020292535357703367,OH
657,InBedsOccCOVID__Numbeds_Est,0.0013252167840269503,OH
658,ICUBedsOccAnyPat__N_ICUBeds_Est,0.01777006122144904,OH
659,Log_InpatBeds_Occ_AnyPat_Est,0.023261331237230443,OH
660,Log_InpatBeds_Occ_AnyPat_Est_Avail,0.02267299528616893,OH
661,Log_InpatBeds_Occ_COVID_Est,0.015586365456028872,OH
662,Log_ICUBeds_Occ_AnyPat_Est,0.003509543504250634,OH
663,Log_ICUBeds_Occ_AnyPat_Est_Avail,0.009418509347744441,OH
664,stay at home order,-7.609077563097699e-06,OH
665,restaurant closed,0.00037833943980707384,OH
666,business closed,0.0005076126568803075,OH
667,lag_1,0.031139010684750223,OK
668,lag_2,0.2973973907327878,OK
669,lag_3,0.029360472264040215,OK
670,lag_4,0.1081162100662505,OK
671,lag_5,0.07772392093270616,OK
672,lag_6,0.08327286527245972,OK
673,lag_7,0.09117430006046483,OK
674,InBedsOccAnyPat__Numbeds_Est,0.005407728016162694,OK
675,InBedsOccCOVID__Numbeds_Est,0.005870347602317816,OK
676,ICUBedsOccAnyPat__N_ICUBeds_Est,0.018107751439533092,OK
677,Log_InpatBeds_Occ_AnyPat_Est,0.006071461352075769,OK
678,Log_InpatBeds_Occ_AnyPat_Est_Avail,0.005608135502546796,OK
679,Log_InpatBeds_Occ_COVID_Est,0.008200564184280657,OK
680,Log_ICUBeds_Occ_AnyPat_Est,0.04742847710413114,OK
681,Log_ICUBeds_Occ_AnyPat_Est_Avail,0.008601085505330563,OK
682,restaurant closed,0.002422646301621345,OK
683,business closed,0.006665534255489103,OK
684,lag_1,0.02442181141741213,OR
685,lag_2,0.033644516203548136,OR
686,lag_3,0.02871762546984018,OR
687,lag_4,0.015253241235385007,OR
688,lag_5,0.024384734595134728,OR
689,lag_6,0.06093372342309198,OR
690,lag_7,0.2826646218874301,OR
691,InBedsOccAnyPat__Numbeds_Est,0.0027722088430247372,OR
692,InBedsOccCOVID__Numbeds_Est,0.003943768928485159,OR
693,ICUBedsOccAnyPat__N_ICUBeds_Est,0.004829734363624572,OR
694,Log_InpatBeds_Occ_AnyPat_Est,0.011134378451719384,OR
695,Log_InpatBeds_Occ_AnyPat_Est_Avail,0.0034488261134624,OR
696,Log_InpatBeds_Occ_COVID_Est,0.009277055120608568,OR
697,Log_ICUBeds_Occ_AnyPat_Est,0.09163924319603531,OR
698,Log_ICUBeds_Occ_AnyPat_Est_Avail,0.0036480033211225616,OR
699,stay at home order,0.0,OR
700,face mask mandatory,0.0,OR
701,restaurant closed,0.0,OR
702,business closed,0.00019342359192602298,OR
703,lag_1,0.05469513685690171,PA
704,lag_2,0.00883578289352216,PA
705,lag_3,0.017835543428337285,PA
706,lag_4,0.011488947444240737,PA
707,lag_5,0.05912816663936491,PA
708,lag_6,0.0922046679926539,PA
709,lag_7,0.08379026800619863,PA
710,InBedsOccAnyPat__Numbeds_Est,0.004793115114298807,PA
711,InBedsOccCOVID__Numbeds_Est,0.005899785524745594,PA
712,ICUBedsOccAnyPat__N_ICUBeds_Est,0.0011378031921986497,PA
713,Log_InpatBeds_Occ_AnyPat_Est,0.0004496341881444099,PA
714,Log_InpatBeds_Occ_AnyPat_Est_Avail,0.007312541846758847,PA
715,Log_InpatBeds_Occ_COVID_Est,0.011263394141341055,PA
716,Log_ICUBeds_Occ_AnyPat_Est,0.0008713879980798645,PA
717,Log_ICUBeds_Occ_AnyPat_Est_Avail,0.0015785162628967786,PA
718,stay at home order,0.0,PA
719,face mask mandatory,0.0,PA
720,restaurant closed,0.0,PA
721,business closed,0.0,PA
722,lag_1,0.034032982047570326,RI
723,lag_2,0.05536497528275495,RI
724,lag_3,0.010605932789728944,RI
725,lag_4,0.012776609760228074,RI
726,lag_5,0.05106728559423661,RI
727,lag_6,0.0232694422993857,RI
728,lag_7,0.5501450930728462,RI
729,InBedsOccAnyPat__Numbeds_Est,0.0034658473844351835,RI
730,InBedsOccCOVID__Numbeds_Est,0.004316933003825718,RI
731,ICUBedsOccAnyPat__N_ICUBeds_Est,0.035871725070224625,RI
732,Log_InpatBeds_Occ_AnyPat_Est,0.03340605399211782,RI
733,Log_InpatBeds_Occ_AnyPat_Est_Avail,0.012488349339403815,RI
734,Log_InpatBeds_Occ_COVID_Est,0.005246817691597805,RI
735,Log_ICUBeds_Occ_AnyPat_Est,0.010173184572388605,RI
736,Log_ICUBeds_Occ_AnyPat_Est_Avail,0.017972773691936218,RI
737,stay at home order,8.577342181959047e-06,RI
738,face mask mandatory,0.0069903314628315,RI
739,restaurant closed,3.068087641995287e-05,RI
740,business closed,3.55484304060516e-05,RI
741,lag_1,0.014453817358383714,SC
742,lag_2,0.025075539673225934,SC
743,lag_3,0.03719393762618282,SC
744,lag_4,0.003494943715912391,SC
745,lag_5,0.04569703657685953,SC
746,lag_6,0.24762685279330973,SC
747,lag_7,0.039426784193207796,SC
748,InBedsOccAnyPat__Numbeds_Est,0.03433025274801851,SC
749,InBedsOccCOVID__Numbeds_Est,0.027077173381464426,SC
750,ICUBedsOccAnyPat__N_ICUBeds_Est,0.005453006590670361,SC
751,Log_InpatBeds_Occ_AnyPat_Est,0.005383231579662006,SC
752,Log_InpatBeds_Occ_AnyPat_Est_Avail,0.0015239518210481862,SC
753,Log_InpatBeds_Occ_COVID_Est,0.006473987775690882,SC
754,Log_ICUBeds_Occ_AnyPat_Est,0.040484696325987016,SC
755,Log_ICUBeds_Occ_AnyPat_Est_Avail,0.005029067976789636,SC
756,stay at home order,4.091631717824118e-05,SC
757,restaurant closed,3.1053546768089466e-05,SC
758,business closed,-3.180811115859328e-05,SC
759,lag_1,0.2892903565886321,SD
760,lag_2,0.12799273067484065,SD
761,lag_3,0.019235931150186826,SD
762,lag_4,0.05662177346505408,SD
763,lag_5,0.008996897218097443,SD
764,lag_6,0.057782678985338884,SD
765,lag_7,0.01961071335658262,SD
766,InBedsOccAnyPat__Numbeds_Est,0.0038576021416468985,SD
767,InBedsOccCOVID__Numbeds_Est,0.01071962794110699,SD
768,ICUBedsOccAnyPat__N_ICUBeds_Est,0.02599479072628639,SD
769,Log_InpatBeds_Occ_AnyPat_Est,0.011832026587353672,SD
770,Log_InpatBeds_Occ_AnyPat_Est_Avail,0.006517630681983988,SD
771,Log_InpatBeds_Occ_COVID_Est,0.00868577704094895,SD
772,Log_ICUBeds_Occ_AnyPat_Est,0.01762100045123971,SD
773,Log_ICUBeds_Occ_AnyPat_Est_Avail,0.009740775428574055,SD
774,lag_1,0.11878543421891703,TN
775,lag_2,0.05980376914092176,TN
776,lag_3,0.05653414122348566,TN
777,lag_4,0.04193958549643455,TN
778,lag_5,0.08447286642446919,TN
779,lag_6,0.0488191397149164,TN
780,lag_7,0.046370240279658484,TN
781,InBedsOccAnyPat__Numbeds_Est,0.035283519396972496,TN
782,InBedsOccCOVID__Numbeds_Est,0.025918033192890856,TN
783,ICUBedsOccAnyPat__N_ICUBeds_Est,0.02276494729599863,TN
784,Log_InpatBeds_Occ_AnyPat_Est,0.03381378625160118,TN
785,Log_InpatBeds_Occ_AnyPat_Est_Avail,0.023833493287916018,TN
786,Log_InpatBeds_Occ_COVID_Est,0.12001193473227116,TN
787,Log_ICUBeds_Occ_AnyPat_Est,0.06431782444734606,TN
788,Log_ICUBeds_Occ_AnyPat_Est_Avail,0.05748509668287496,TN
789,stay at home order,0.0016957379513945936,TN
790,restaurant closed,0.0022420913118408547,TN
791,business closed,0.019222640289079586,TN
792,lag_1,0.008678270188683123,TX
793,lag_2,0.009253635317620601,TX
794,lag_3,0.009906853986506103,TX
795,lag_4,0.005644612213061473,TX
796,lag_5,0.0026544367153007453,TX
797,lag_6,0.11153624862412903,TX
798,lag_7,0.25190076095789626,TX
799,InBedsOccAnyPat__Numbeds_Est,0.0023680416829884752,TX
800,InBedsOccCOVID__Numbeds_Est,0.07097713578596854,TX
801,ICUBedsOccAnyPat__N_ICUBeds_Est,0.004443051688811294,TX
802,Log_InpatBeds_Occ_AnyPat_Est,0.009930723121736618,TX
803,Log_InpatBeds_Occ_AnyPat_Est_Avail,0.0019001809165557714,TX
804,Log_InpatBeds_Occ_COVID_Est,0.027099293315135588,TX
805,Log_ICUBeds_Occ_AnyPat_Est,0.0013717530933875731,TX
806,Log_ICUBeds_Occ_AnyPat_Est_Avail,0.004838081472278421,TX
807,face mask mandatory,0.0,TX
808,restaurant closed,0.0002410657341713751,TX
809,business closed,0.0002319639702273113,TX
810,lag_1,0.00595900314924318,UT
811,lag_2,0.027390275095311424,UT
812,lag_3,0.16255062256640823,UT
813,lag_4,0.10201012917779825,UT
814,lag_5,0.007499641881771058,UT
815,lag_6,0.01661612054072952,UT
816,lag_7,0.5027978367667383,UT
817,InBedsOccAnyPat__Numbeds_Est,0.006067195995270125,UT
818,InBedsOccCOVID__Numbeds_Est,0.0031277120987969866,UT
819,ICUBedsOccAnyPat__N_ICUBeds_Est,0.01076519138101475,UT
820,Log_InpatBeds_Occ_AnyPat_Est,0.017350512912177353,UT
821,Log_InpatBeds_Occ_AnyPat_Est_Avail,0.01610038388624324,UT
822,Log_InpatBeds_Occ_COVID_Est,0.0038461935427435145,UT
823,Log_ICUBeds_Occ_AnyPat_Est,0.006396473725182972,UT
824,Log_ICUBeds_Occ_AnyPat_Est_Avail,0.004873303017307862,UT
825,face mask mandatory,0.0005748021892001854,UT
826,restaurant closed,0.00022695793378346707,UT
827,lag_1,0.08843072875195959,VA
828,lag_2,0.01865769225664713,VA
829,lag_3,0.029319165338391028,VA
830,lag_4,0.0545603170253252,VA
831,lag_5,0.010196380211136512,VA
832,lag_6,0.01104176401600756,VA
833,lag_7,0.46942539033746955,VA
834,InBedsOccAnyPat__Numbeds_Est,0.023784080293150756,VA
835,InBedsOccCOVID__Numbeds_Est,0.016558639440712362,VA
836,ICUBedsOccAnyPat__N_ICUBeds_Est,0.00878970340506664,VA
837,Log_InpatBeds_Occ_AnyPat_Est,0.13799830553151024,VA
838,Log_InpatBeds_Occ_AnyPat_Est_Avail,0.017420993893675685,VA
839,Log_InpatBeds_Occ_COVID_Est,0.013739269522192288,VA
840,Log_ICUBeds_Occ_AnyPat_Est,0.043812277803698875,VA
841,Log_ICUBeds_Occ_AnyPat_Est_Avail,0.015298024593258398,VA
842,stay at home order,0.00013171963910585394,VA
843,face mask mandatory,0.00010597647601322535,VA
844,restaurant closed,0.000146290518347314,VA
845,business closed,4.5070734878427385e-05,VA
846,lag_1,0.0618654045270254,VT
847,lag_2,0.004458578887123465,VT
848,lag_3,0.07070456847203047,VT
849,lag_4,0.020121514760841296,VT
850,lag_5,0.016865321180573,VT
851,lag_6,0.053370656633007815,VT
852,lag_7,0.21031169649578754,VT
853,InBedsOccAnyPat__Numbeds_Est,0.0022384844845914297,VT
854,InBedsOccCOVID__Numbeds_Est,0.02143259023756925,VT
855,ICUBedsOccAnyPat__N_ICUBeds_Est,0.006305988425529141,VT
856,Log_InpatBeds_Occ_AnyPat_Est,0.011338393091910625,VT
857,Log_InpatBeds_Occ_AnyPat_Est_Avail,0.01779911727822161,VT
858,Log_InpatBeds_Occ_COVID_Est,0.04298134520763952,VT
859,Log_ICUBeds_Occ_AnyPat_Est,0.015335811283513023,VT
860,Log_ICUBeds_Occ_AnyPat_Est_Avail,0.013614122548397667,VT
861,stay at home order,3.13722392775162e-07,VT
862,restaurant closed,7.946106904799244e-06,VT
863,business closed,-3.320612544599477e-06,VT
864,lag_1,0.03608751945631763,WA
865,lag_2,0.02623111478341609,WA
866,lag_3,0.041973871269173915,WA
867,lag_4,0.10910139864648567,WA
868,lag_5,0.030873046293339423,WA
869,lag_6,0.017117015740340035,WA
870,lag_7,0.7401582992828184,WA
871,InBedsOccAnyPat__Numbeds_Est,0.024155967914284426,WA
872,InBedsOccCOVID__Numbeds_Est,0.02431518110719677,WA
873,ICUBedsOccAnyPat__N_ICUBeds_Est,0.036990457156437985,WA
874,Log_InpatBeds_Occ_AnyPat_Est,0.010306372617470139,WA
875,Log_InpatBeds_Occ_AnyPat_Est_Avail,0.05912515058613601,WA
876,Log_InpatBeds_Occ_COVID_Est,0.0073989089463741605,WA
877,Log_ICUBeds_Occ_AnyPat_Est,0.01924679557093336,WA
878,Log_ICUBeds_Occ_AnyPat_Est_Avail,0.017528936706725885,WA
879,stay at home order,0.000766668716127672,WA
880,face mask mandatory,0.0,WA
881,restaurant closed,0.0,WA
882,business closed,0.0004659022624057263,WA
883,lag_1,0.1882372244404964,WI
884,lag_2,0.018229134913046518,WI
885,lag_3,0.02023118287566845,WI
886,lag_4,0.029306171301909913,WI
887,lag_5,0.014329147772764195,WI
888,lag_6,0.05551357281005202,WI
889,lag_7,0.5761896443394642,WI
890,InBedsOccAnyPat__Numbeds_Est,0.006498777524315114,WI
891,InBedsOccCOVID__Numbeds_Est,0.032279280909418985,WI
892,ICUBedsOccAnyPat__N_ICUBeds_Est,0.009284172460821648,WI
893,Log_InpatBeds_Occ_AnyPat_Est,0.009295212630892858,WI
894,Log_InpatBeds_Occ_AnyPat_Est_Avail,0.017111028726329903,WI
895,Log_InpatBeds_Occ_COVID_Est,0.03012957475038076,WI
896,Log_ICUBeds_Occ_AnyPat_Est,0.01657680078445547,WI
897,Log_ICUBeds_Occ_AnyPat_Est_Avail,0.040467604204304064,WI
898,stay at home order,0.00155068700282035,WI
899,restaurant closed,0.0012534079011487398,WI
900,business closed,0.00969029239276411,WI
901,lag_1,0.018140443063640953,WV
902,lag_2,0.5995183008654542,WV
903,lag_3,0.03922066036401415,WV
904,lag_4,0.07613871237811771,WV
905,lag_5,0.03331541298742491,WV
906,lag_6,0.03927961768749666,WV
907,lag_7,0.071941321645524,WV
908,InBedsOccAnyPat__Numbeds_Est,0.015983742629156205,WV
909,InBedsOccCOVID__Numbeds_Est,0.009798207237921196,WV
910,ICUBedsOccAnyPat__N_ICUBeds_Est,0.01086733718343862,WV
911,Log_InpatBeds_Occ_AnyPat_Est,0.03665217081934578,WV
912,Log_InpatBeds_Occ_AnyPat_Est_Avail,0.01497616649752731,WV
913,Log_InpatBeds_Occ_COVID_Est,0.016566760138837643,WV
914,Log_ICUBeds_Occ_AnyPat_Est,0.01761943319360415,WV
915,Log_ICUBeds_Occ_AnyPat_Est_Avail,0.03320729983842556,WV
916,stay at home order,0.00034606617669126206,WV
917,face mask mandatory,0.0,WV
918,restaurant closed,0.0002918648747111341,WV
919,business closed,0.0015861763255669236,WV
920,lag_1,0.17971790745129348,WY
921,lag_2,0.05791824970650441,WY
922,lag_3,0.22116543467324418,WY
923,lag_4,0.030470571481116693,WY
924,lag_5,0.007159169657486153,WY
925,lag_6,0.013479942314710525,WY
926,lag_7,0.013073250401050673,WY
927,InBedsOccAnyPat__Numbeds_Est,0.27252773153909493,WY
928,InBedsOccCOVID__Numbeds_Est,0.009695432423164285,WY
929,ICUBedsOccAnyPat__N_ICUBeds_Est,0.042080506569491846,WY
930,Log_InpatBeds_Occ_AnyPat_Est,0.012302256442647064,WY
931,Log_InpatBeds_Occ_AnyPat_Est_Avail,0.03472777238387934,WY
932,Log_InpatBeds_Occ_COVID_Est,0.008457272945890049,WY
933,Log_ICUBeds_Occ_AnyPat_Est,0.00825506883181253,WY
934,Log_ICUBeds_Occ_AnyPat_Est_Avail,0.006799277954684224,WY
935,restaurant closed,2.6804537777080916e-05,WY
936,business closed,0.0006566990570756603,WY
