,STATE,POSTCODE,FIPS,STEMERG(start),CLSCHOOL(start),CLDAYCR(start),OPNCLDCR(end),CLNURSHM(start),STAYHOME(start),STAYHOMENOGP(start),END_STHM(end),CLBSNS(start),END_BSNS(end),RELIGEX(attribute),FM_ALL(start),FMFINE(attribute),FMCITE(attribute),FMNOENF(attribute),FM_EMP(start),FM_END(end),FM_STP(start),ALCOPEN(attribute),ALCREST(start),ALCDELIV(start),GUNOPEN(attribute),CLREST(start),ENDREST(end),RSTOUTDR(attribute),CLGYM(start),ENDGYM(end),CLMOVIE(start),END_MOV(end),CLOSEBAR(start),END_BRS(end),END_HAIR(end),END_RELG(end),ENDRETL(end),BCLBAR2(start),CLBAR2(start),CLMV2(start),CLGYM2(start),CLRST2(start),QRSOMEST(start),QR_ALLST(start),QR_END(end),EVICINTN(start),EVICINRESUME(end),EVICENF(start),EVICSTPTWO(start),EVICCOURTCL(start),EVICCOURTRE(end),EVICEND(end),RNTGP(start),UTILSO(start),UTILGAS_SO2(start),UTILGAS_END(end),UTILGAS_SO2.1(start),UTILELEC_SO(start),UTILELEC_END(end),UTILELEC_SO2(start),UTILWAT_SO(start),UTILWAT_END(end),UTILWAT_SO2(start),UTILTEL_SO(start),UTILTEL_END(end),UTILTEL_SO2(start),MORGFR(start),SNAPALLO(start),SNAPEBT(start),SNAPSUSP(start),SNAPTLW(attribute),MED1135W(start),ACAENROL(start),PREVTLHL(attribute),TLHLAUD(start),TLHLMED(start),CHIPLKOT(attribute),LKOTSUS(attribute),TESTMAR(attribute),TESTAPR(attribute),TESTMAY(attribute),TESTJUN(attribute),TESTAUG(attribute),CASEMAR(attribute),CASEAPR(attribute),CASEMAY(attribute),CASEJUN(attribute),CASEAUG(attribute),HOSPMAR(attribute),HOSPAPR(attribute),HOSPMAY(attribute),HOSPJUN(attribute),HOSPAUG(attribute),DEATHMAR(attribute),DEATHAPR(attribute),DEATHMAY(attribute),DEATHJUN(attribute),DEATHAUG(attribute),TST_AIANJUL(attribute),TST_AIANAUG(attribute),TST2_AIANJUL(attribute),TST2_AIANAUG(attribute),HOSPAIANJUL(attribute),HOSPAIANAUG(attribute),DTH_AIANJUL(attribute),DTH_AIANAUG(attribute),AIANRESN(attribute),VISITPER(start),VISITATT(start),VISITRES(end),NOCOPAY(attribute),NOPAYCOV(attribute),NOPAYALL(attribute),YESCOPAY(attribute),ELECPRCR(start),ENDELECP(attribute),WTPRD(attribute),WV_WTPRD(start),WV_WKSR(attribute),REI_WKSR(attribute),UIQUAR(attribute),UIHIRISK(attribute),UICLDCR(attribute),UIEXTND(attribute),UIMAXAMT(quantity),UIMAXEXT(quantity),UIMAXDUR(quantity),UIMAXCAR(quantity),LMABRN(note),TLHlBUPR(start),EXTOPFL(start),HMDLVOP(start),TLHLCL24(start),EXCEMORP(start),WVDEAREQ(start),PDSKLV(attribute),MEDEXP(attribute),POPDEN18(quantity),POP18(quantity),SQML(quantity),HMLS19(quantity),UNEMP18(quantity),POV18(quantity),RISKCOV(quantity),DEATH18(quantity),MH19(quantity),VBMEXC(attribute),VBMSIG(attribute),VBMPERM(attribute),VBMAUTOBAL(attribute),VBMAUTOAP(attribute),VBMGENELEC(date)
4,Alabama,AL,1,2020-03-13 00:00:00,2020-03-19 00:00:00,2020-03-20 00:00:00,2020-05-23 00:00:00,2020-03-19 00:00:00,2020-04-04 00:00:00,0,2020-04-30 00:00:00,2020-03-28 00:00:00,2020-04-30 00:00:00,0,2020-07-16 00:00:00,0,0,1,2020-05-11 00:00:00,0,0,1,2020-03-24 00:00:00,2020-03-24 00:00:00,1,2020-03-19 00:00:00,2020-05-11 00:00:00,0,2020-03-28 00:00:00,2020-05-11 00:00:00,2020-03-28 00:00:00,2020-05-22 00:00:00,2020-03-19 00:00:00,2020-05-11 00:00:00,2020-05-11 00:00:00,2020-05-11 00:00:00,2020-04-30 00:00:00,0,0,0,0,0,0,0,0,0,2020-06-01 00:00:00,2020-04-03 00:00:00,0,0,0,2020-06-01 00:00:00,0,0,0,0,0,0,0,0,0,0,0,0,0,0,0,2020-03-24 00:00:00,2020-04-21 00:00:00,0,0,2020-03-23 00:00:00,0,0,2020-03-22 00:00:00,2020-03-16 00:00:00,0,0,1,1,1,0,1,1,1,1,1,1,1,1,1,0,0,1,1,1,1,1,1,1,1,1,0,0,1,0,1,2020-03-13 00:00:00,2020-03-13 00:00:00,0,0,0,1,0,2020-03-19 00:00:00,2020-04-30 00:00:00,0,2020-03-16 00:00:00,1,1,1,0,0,0,275,875,20,39,1,0,0,0,2020-03-20 00:00:00,0,0,0,0,93.24,4887871,52420,3261,5.6,16.8,43.1,54352,100.7,0,1,0,0,0,2020-10-29 00:00:00
5,Alaska,AK,2,2020-03-11 00:00:00,2020-03-16 00:00:00,0,0,0,2020-03-28 00:00:00,0,2020-04-24 00:00:00,2020-03-28 00:00:00,2020-04-24 00:00:00,0,2020-04-24 00:00:00,1,1,0,2020-04-24 00:00:00,2020-05-22 00:00:00,0,1,2020-03-17 00:00:00,2020-03-17 00:00:00,1,2020-03-18 00:00:00,2020-04-24 00:00:00,0,2020-03-18 00:00:00,2020-05-08 00:00:00,2020-03-18 00:00:00,2020-05-08 00:00:00,2020-03-18 00:00:00,2020-05-08 00:00:00,2020-04-24 00:00:00,2020-05-08 00:00:00,2020-04-24 00:00:00,0,0,0,0,0,0,2020-03-25 00:00:00,0,2020-03-23 00:00:00,2020-04-24 00:00:00,0,0,2020-03-23 00:00:00,2020-04-24 00:00:00,2020-07-01 00:00:00,0,2020-04-09 00:00:00,2020-04-09 00:00:00,0,0,2020-04-09 00:00:00,0,0,2020-04-09 00:00:00,0,0,2020-04-09 00:00:00,0,0,0,2020-04-01 00:00:00,2020-06-05 00:00:00,0,1,2020-04-02 00:00:00,0,0,2020-03-17 00:00:00,2020-03-20 00:00:00,0,0,1,1,1,1,1,1,1,1,1,1,1,1,1,0,0,1,1,0,0,1,1,1,1,1,0,0,1,1,1,2020-03-13 00:00:00,2020-03-13 00:00:00,0,0,1,0,0,2020-03-19 00:00:00,2020-04-20 00:00:00,0,2020-03-18 00:00:00,1,1,1,0,1,0,370,970,26,39,1,0,0,0,0,0,0,0,1,1.11,737438,665384,1907,6.8,10.9,32.8,4453,429.9,0,1,0,0,2,2020-10-24 00:00:00
6,Arizona,AZ,4,2020-03-11 00:00:00,2020-03-16 00:00:00,0,0,0,2020-03-31 00:00:00,0,2020-05-16 00:00:00,2020-03-30 00:00:00,2020-05-08 00:00:00,1,0,0,0,0,2020-05-08 00:00:00,0,2020-03-30 00:00:00,1,2020-03-19 00:00:00,2020-03-19 00:00:00,1,2020-03-20 00:00:00,2020-05-11 00:00:00,0,2020-03-20 00:00:00,2020-05-13 00:00:00,2020-03-20 00:00:00,2020-05-16 00:00:00,2020-03-20 00:00:00,2020-05-16 00:00:00,2020-05-08 00:00:00,0,2020-05-08 00:00:00,2020-06-29 00:00:00,2020-06-29 00:00:00,2020-06-29 00:00:00,2020-06-29 00:00:00,0,2020-04-09 00:00:00,0,2020-05-12 00:00:00,0,0,2020-03-24 00:00:00,0,0,0,0,0,0,0,0,0,0,0,0,0,0,0,0,0,0,0,2020-04-01 00:00:00,2020-04-17 00:00:00,0,1,2020-03-23 00:00:00,0,0,2020-03-25 00:00:00,2020-03-25 00:00:00,1,1,1,1,1,1,1,1,1,1,1,1,1,1,1,1,1,1,1,1,1,1,1,1,1,1,1,1,1,1,1,2020-03-13 00:00:00,2020-03-13 00:00:00,0,0,1,0,0,2020-03-21 00:00:00,2020-05-01 00:00:00,0,2020-03-20 00:00:00,1,1,1,1,1,0,240,840,26,39,0,0,0,0,0,2020-03-11 00:00:00,0,1,1,62.91,7171646,113990,10007,5.4,14,39.1,59282,132.9,0,0,0,0,0,2020-10-23 00:00:00
7,Arkansas,AR,5,2020-03-11 00:00:00,2020-03-17 00:00:00,0,0,2020-03-13 00:00:00,0,0,0,2020-04-04 00:00:00,2020-05-04 00:00:00,0,2020-07-20 00:00:00,1,1,0,2020-05-11 00:00:00,0,0,1,2020-03-19 00:00:00,2020-03-19 00:00:00,1,2020-03-19 00:00:00,2020-05-11 00:00:00,0,2020-03-20 00:00:00,2020-05-04 00:00:00,2020-03-20 00:00:00,2020-05-18 00:00:00,2020-03-19 00:00:00,2020-05-19 00:00:00,2020-05-06 00:00:00,0,2020-05-18 00:00:00,0,0,0,0,0,2020-05-05 00:00:00,0,2020-06-15 00:00:00,0,0,0,0,0,0,0,0,2020-04-10 00:00:00,2020-04-10 00:00:00,0,0,2020-04-10 00:00:00,0,0,2020-04-10 00:00:00,0,0,0,0,0,0,2020-03-24 00:00:00,2020-05-21 00:00:00,0,0,2020-04-02 00:00:00,0,0,2020-03-13 00:00:00,2020-03-13 00:00:00,0,0,0,0,0,0,1,1,1,1,1,1,0,0,0,0,0,0,0,0,0,1,1,1,1,1,0,0,0,1,0,2020-03-16 00:00:00,2020-03-16 00:00:00,0,0,1,0,0,2020-04-03 00:00:00,2020-04-27 00:00:00,0,2020-03-17 00:00:00,1,1,1,0,0,0,451,1051,16,33,1,0,0,0,0,0,0,0,1,56.67,3013825,53179,2717,4.5,17.2,43.5,32336,231.6,0,0,0,0,0,2020-10-27 00:00:00
8,California,CA,6,2020-03-04 00:00:00,0,0,0,0,2020-03-19 00:00:00,0,0,2020-03-19 00:00:00,2020-05-08 00:00:00,0,2020-06-18 00:00:00,0,0,1,2020-05-05 00:00:00,0,0,1,2020-03-19 00:00:00,2020-03-19 00:00:00,0,2020-03-19 00:00:00,2020-05-18 00:00:00,0,2020-03-19 00:00:00,0,2020-03-19 00:00:00,0,2020-03-16 00:00:00,0,2020-08-28 00:00:00,2020-05-25 00:00:00,2020-05-08 00:00:00,0,0,2020-07-13 00:00:00,0,2020-07-13 00:00:00,0,0,0,0,2020-05-31 00:00:00,2020-03-27 00:00:00,0,0,0,0,0,2020-03-17 00:00:00,2020-03-17 00:00:00,0,0,2020-03-17 00:00:00,0,0,2020-03-17 00:00:00,0,0,2020-03-17 00:00:00,0,0,0,2020-03-30 00:00:00,2020-04-23 00:00:00,0,1,2020-03-23 00:00:00,2020-03-20 00:00:00,0,2020-03-30 00:00:00,2020-03-18 00:00:00,0,0,1,1,1,1,1,1,1,1,1,1,1,1,1,1,0,1,1,1,1,1,1,1,1,1,0,0,1,1,1,2020-03-11 00:00:00,2020-04-08 00:00:00,0,1,0,0,0,2020-03-19 00:00:00,2020-04-22 00:00:00,0,2020-03-12 00:00:00,1,1,1,1,0,0,450,1050,26,39,0,0,0,0,0,0,0,1,1,241.65,39557045,163695,151278,5.5,12.8,33.3,268818,356.2,0,0,0,1,0,0
9,Colorado,CO,8,2020-03-11 00:00:00,2020-03-23 00:00:00,0,0,2020-03-12 00:00:00,2020-03-26 00:00:00,0,2020-04-27 00:00:00,2020-03-26 00:00:00,2020-05-01 00:00:00,1,2020-07-16 00:00:00,0,0,0,2020-04-23 00:00:00,0,0,1,2020-03-20 00:00:00,2020-03-20 00:00:00,1,2020-03-17 00:00:00,2020-05-27 00:00:00,0,2020-03-17 00:00:00,2020-06-04 00:00:00,2020-03-17 00:00:00,2020-06-18 00:00:00,2020-03-17 00:00:00,2020-06-18 00:00:00,2020-05-01 00:00:00,2020-06-04 00:00:00,2020-05-01 00:00:00,2020-06-30 00:00:00,2020-06-30 00:00:00,0,0,0,0,0,0,2020-04-30 00:00:00,2020-06-13 00:00:00,2020-04-30 00:00:00,0,0,0,2020-06-14 00:00:00,0,2020-03-20 00:00:00,2020-03-20 00:00:00,2020-06-13 00:00:00,0,2020-03-20 00:00:00,2020-06-13 00:00:00,0,2020-03-20 00:00:00,2020-06-13 00:00:00,0,0,0,0,0,2020-04-01 00:00:00,2020-05-16 00:00:00,2020-04-10 00:00:00,1,2020-03-26 00:00:00,2020-03-20 00:00:00,0,2020-04-01 00:00:00,2020-03-20 00:00:00,0,0,1,1,1,1,1,1,1,1,0,1,1,1,1,0,0,1,1,1,1,1,1,1,1,1,0,0,1,1,1,2020-03-11 00:00:00,0,0,0,1,0,0,2020-03-23 00:00:00,2020-04-27 00:00:00,0,2020-03-20 00:00:00,1,2,0,0,0,0,618,1218,26,39,0,0,0,0,0,0,0,0,1,54.72,5695564,104094,9619,3.9,9.6,31.3,38526,356.4,0,0,1,0,0,0
10,Connecticut,CT,9,2020-03-10 00:00:00,2020-03-17 00:00:00,0,0,2020-03-09 00:00:00,0,2020-03-23 00:00:00,2020-05-20 00:00:00,2020-03-23 00:00:00,2020-05-20 00:00:00,0,2020-04-20 00:00:00,0,0,1,2020-04-03 00:00:00,0,0,1,2020-03-19 00:00:00,2020-04-24 00:00:00,1,2020-03-16 00:00:00,2020-05-20 00:00:00,1,2020-03-16 00:00:00,2020-06-17 00:00:00,2020-03-16 00:00:00,2020-06-17 00:00:00,2020-03-16 00:00:00,0,2020-06-01 00:00:00,2020-05-29 00:00:00,2020-05-20 00:00:00,0,0,0,0,0,2020-06-25 00:00:00,0,0,2020-04-10 00:00:00,0,2020-03-20 00:00:00,0,2020-03-16 00:00:00,0,0,2020-04-10 00:00:00,2020-03-12 00:00:00,2020-03-12 00:00:00,0,0,2020-03-12 00:00:00,0,0,2020-03-12 00:00:00,0,0,0,0,0,0,2020-03-28 00:00:00,2020-04-24 00:00:00,2020-04-02 00:00:00,1,2020-03-27 00:00:00,2020-03-19 00:00:00,0,2020-03-19 00:00:00,2020-03-18 00:00:00,0,0,1,1,1,1,1,1,1,1,1,1,1,1,1,1,0,1,1,1,1,1,1,1,1,1,0,0,1,1,1,2020-03-13 00:00:00,0,0,0,0,1,0,0,0,1,0,1,1,0,0,1,0,649,1249,26,39,0,0,0,0,0,0,0,1,1,644.54,3572665,5543,3033,5.5,10.4,36,31230,396.9,0,0,0,0,1,2020-11-02 00:00:00
11,Delaware,DE,10,2020-03-13 00:00:00,2020-03-16 00:00:00,2020-04-06 00:00:00,2020-06-15 00:00:00,0,2020-03-24 00:00:00,0,2020-06-01 00:00:00,2020-03-24 00:00:00,2020-05-08 00:00:00,1,2020-04-28 00:00:00,1,1,0,2020-05-01 00:00:00,0,0,1,2020-03-18 00:00:00,0,1,2020-03-16 00:00:00,2020-06-01 00:00:00,0,2020-03-19 00:00:00,2020-06-01 00:00:00,2020-03-19 00:00:00,2020-06-01 00:00:00,2020-03-16 00:00:00,2020-06-15 00:00:00,2020-06-08 00:00:00,2020-05-20 00:00:00,2020-05-20 00:00:00,2020-07-03 00:00:00,0,0,0,0,0,2020-03-30 00:00:00,2020-06-01 00:00:00,2020-03-17 00:00:00,2020-07-01 00:00:00,2020-03-25 00:00:00,0,0,0,2020-07-01 00:00:00,0,2020-03-24 00:00:00,2020-03-24 00:00:00,2020-07-01 00:00:00,0,2020-03-24 00:00:00,2020-07-01 00:00:00,0,2020-03-24 00:00:00,2020-07-01 00:00:00,0,2020-03-24 00:00:00,2020-07-01 00:00:00,0,0,2020-03-26 00:00:00,2020-04-30 00:00:00,2020-04-13 00:00:00,0,2020-03-27 00:00:00,0,1,2020-01-01 00:00:00,2020-03-18 00:00:00,0,0,0,0,1,1,1,1,1,1,1,1,0,1,1,1,0,1,1,1,1,1,0,1,0,1,0,0,0,0,0,2020-03-12 00:00:00,0,2020-09-01 00:00:00,0,1,0,0,0,2020-05-20 00:00:00,0,1,1,1,0,0,1,0,400,1000,26,39,0,0,0,0,0,0,0,0,1,388.58,967171,2489,921,5.7,12.5,41.3,9433,262.6,0,0,0,0,1,2020-11-02 00:00:00
12,District of Columbia,DC,11,2020-03-11 00:00:00,2020-03-16 00:00:00,0,0,0,2020-04-01 00:00:00,0,2020-05-29 00:00:00,2020-03-25 00:00:00,2020-05-29 00:00:00,0,2020-04-17 00:00:00,1,0,0,2020-04-15 00:00:00,0,0,1,2020-03-17 00:00:00,2020-03-17 00:00:00,0,2020-03-16 00:00:00,2020-05-29 00:00:00,1,2020-03-17 00:00:00,2020-06-22 00:00:00,2020-03-17 00:00:00,2020-06-22 00:00:00,2020-03-16 00:00:00,2020-05-29 00:00:00,2020-05-29 00:00:00,2020-06-22 00:00:00,2020-06-22 00:00:00,0,0,0,0,0,2020-07-27 00:00:00,0,0,0,2020-06-19 00:00:00,2020-03-17 00:00:00,0,2020-03-15 00:00:00,2020-06-19 00:00:00,0,0,2020-03-11 00:00:00,2020-03-11 00:00:00,0,0,2020-03-11 00:00:00,0,0,2020-03-11 00:00:00,0,0,2020-03-11 00:00:00,0,0,0,2020-04-01 00:00:00,2020-05-19 00:00:00,0,1,2020-04-03 00:00:00,2020-04-06 00:00:00,0,2020-03-19 00:00:00,2020-03-12 00:00:00,0,0,1,1,1,1,1,1,1,1,1,1,0,0,1,1,0,1,1,1,1,1,1,1,1,1,0,0,0,0,0,2020-03-15 00:00:00,2020-03-15 00:00:00,0,1,0,0,0,0,0,0,2020-03-17 00:00:00,1,1,1,0,0,0,444,1044,26,39,0,0,0,0,0,0,0,1,1,11496.81,702455,61.1,6521,7.5,16.2,31.8,5008,508.6,0,0,0,1,0,0
13,Florida,FL,12,2020-03-09 00:00:00,2020-03-17 00:00:00,0,0,2020-03-15 00:00:00,2020-04-03 00:00:00,0,2020-05-18 00:00:00,2020-03-20 00:00:00,2020-05-18 00:00:00,1,0,0,0,0,2020-05-11 00:00:00,0,0,1,2020-03-20 00:00:00,2020-03-20 00:00:00,1,2020-03-20 00:00:00,2020-05-18 00:00:00,0,2020-03-20 00:00:00,2020-05-18 00:00:00,2020-03-20 00:00:00,2020-06-05 00:00:00,2020-03-17 00:00:00,2020-06-05 00:00:00,2020-05-11 00:00:00,0,2020-05-18 00:00:00,2020-06-26 00:00:00,2020-06-26 00:00:00,0,0,0,2020-03-24 00:00:00,0,2020-08-05 00:00:00,2020-04-02 00:00:00,0,2020-04-02 00:00:00,0,0,0,0,0,0,0,0,0,0,0,0,0,0,0,0,0,0,0,2020-03-30 00:00:00,2020-05-27 00:00:00,0,0,2020-03-16 00:00:00,0,0,0,2020-03-18 00:00:00,1,0,0,0,0,0,1,0,1,1,1,1,0,1,1,1,1,0,1,1,1,1,1,1,1,1,0,0,0,0,1,2020-03-11 00:00:00,0,0,0,1,0,0,2020-03-20 00:00:00,2020-05-04 00:00:00,0,2020-03-31 00:00:00,1,1,1,0,0,0,275,875,12,25,0,0,0,0,0,0,0,0,0,323.9,21299325,65758,28328,5.2,13.6,42.1,205426,160.5,0,0,0,0,0,2020-10-24 00:00:00
14,Georgia,GA,13,2020-03-14 00:00:00,2020-03-18 00:00:00,0,0,2020-04-03 00:00:00,2020-04-03 00:00:00,0,2020-05-01 00:00:00,0,2020-05-01 00:00:00,0,0,0,0,0,2020-04-27 00:00:00,0,2020-07-15 00:00:00,1,2020-03-24 00:00:00,0,1,2020-04-03 00:00:00,2020-04-27 00:00:00,0,2020-04-03 00:00:00,2020-04-24 00:00:00,2020-04-03 00:00:00,2020-04-27 00:00:00,2020-03-24 00:00:00,2020-06-01 00:00:00,2020-04-24 00:00:00,0,2020-04-23 00:00:00,0,0,0,0,0,0,0,0,0,0,0,0,0,0,0,0,0,0,0,0,0,0,0,0,0,0,0,0,0,0,2020-03-24 00:00:00,2020-06-05 00:00:00,2020-04-10 00:00:00,1,2020-04-01 00:00:00,0,0,2020-03-18 00:00:00,2020-03-18 00:00:00,0,0,1,1,1,1,1,1,1,1,1,1,0,0,0,0,0,1,1,1,1,1,1,1,1,1,0,0,1,1,1,2020-03-12 00:00:00,2020-03-16 00:00:00,0,0,1,0,0,0,2020-04-20 00:00:00,1,0,1,1,1,1,1,1,365,965,26,27,0,0,0,0,0,2020-04-01 00:00:00,0,0,0,177.02,10519475,59425,10443,4.8,14.3,36.2,85202,137.3,0,0,0,0,0,2020-10-30 00:00:00
15,Hawaii,HI,15,2020-03-04 00:00:00,2020-03-16 00:00:00,0,0,2020-03-17 00:00:00,2020-03-25 00:00:00,2020-05-07 00:00:00,2020-05-31 00:00:00,2020-03-25 00:00:00,2020-05-07 00:00:00,0,2020-04-16 00:00:00,0,1,0,2020-04-16 00:00:00,0,0,1,2020-04-16 00:00:00,2020-04-16 00:00:00,1,2020-03-17 00:00:00,2020-06-05 00:00:00,0,2020-03-25 00:00:00,2020-06-19 00:00:00,2020-03-17 00:00:00,2020-06-19 00:00:00,2020-03-17 00:00:00,2020-06-26 00:00:00,2020-05-29 00:00:00,2020-05-23 00:00:00,2020-05-07 00:00:00,0,0,0,0,0,0,2020-03-26 00:00:00,0,2020-04-16 00:00:00,0,2020-03-17 00:00:00,0,0,0,0,0,2020-05-04 00:00:00,2020-05-04 00:00:00,0,0,2020-05-04 00:00:00,0,0,2020-05-04 00:00:00,0,0,2020-05-04 00:00:00,0,0,0,2020-04-17 00:00:00,2020-05-28 00:00:00,0,1,2020-03-26 00:00:00,0,0,2020-04-15 00:00:00,2020-03-30 00:00:00,0,0,1,1,1,1,1,1,1,1,1,1,0,0,0,0,0,0,0,0,0,0,1,1,0,1,0,0,0,0,0,2020-03-13 00:00:00,0,0,0,1,0,0,2020-04-16 00:00:00,2020-04-26 00:00:00,0,2020-03-16 00:00:00,1,1,0,0,0,0,648,1248,26,39,0,0,0,0,0,0,0,0,1,129.94,1420491,10932,6412,3.8,8.8,39.1,11415,250.5,0,0,1,0,0,0
16,Idaho,ID,16,2020-03-13 00:00:00,2020-03-24 00:00:00,0,0,0,2020-03-25 00:00:00,0,2020-05-01 00:00:00,2020-03-25 00:00:00,2020-05-01 00:00:00,0,0,0,0,0,0,0,0,1,2020-03-23 00:00:00,2020-03-23 00:00:00,1,2020-03-25 00:00:00,2020-05-16 00:00:00,0,2020-03-25 00:00:00,2020-05-16 00:00:00,2020-03-25 00:00:00,2020-05-30 00:00:00,2020-03-25 00:00:00,2020-05-30 00:00:00,2020-05-16 00:00:00,2020-05-01 00:00:00,2020-05-01 00:00:00,0,0,0,0,0,0,2020-04-15 00:00:00,2020-05-16 00:00:00,2020-03-16 00:00:00,2020-05-01 00:00:00,0,0,2020-03-26 00:00:00,2020-05-01 00:00:00,2020-05-01 00:00:00,0,0,0,0,0,0,0,0,0,0,0,0,0,0,0,2020-04-02 00:00:00,0,0,1,2020-03-26 00:00:00,0,0,2020-04-06 00:00:00,2020-03-17 00:00:00,0,0,1,1,1,0,1,1,1,1,1,1,0,0,0,0,0,0,0,0,0,1,1,1,1,1,0,0,1,1,1,2020-03-13 00:00:00,0,0,0,0,1,0,0,0,0,2020-03-27 00:00:00,1,1,1,0,0,0,448,1048,20,33,0,0,0,0,0,0,0,0,1,20.99,1754208,83569,2315,4,11.8,36.2,14261,208.8,0,0,0,0,2,2020-10-23 00:00:00
17,Illinois,IL,17,2020-03-09 00:00:00,2020-03-17 00:00:00,2020-03-23 00:00:00,2020-05-29 00:00:00,0,2020-03-21 00:00:00,0,2020-05-29 00:00:00,2020-03-21 00:00:00,2020-05-29 00:00:00,0,2020-05-01 00:00:00,1,0,0,2020-05-01 00:00:00,0,0,1,2020-03-16 00:00:00,2020-03-16 00:00:00,1,2020-03-16 00:00:00,2020-05-29 00:00:00,1,2020-03-21 00:00:00,2020-05-29 00:00:00,2020-03-21 00:00:00,2020-06-26 00:00:00,2020-03-16 00:00:00,2020-06-26 00:00:00,2020-05-29 00:00:00,2020-05-01 00:00:00,2020-05-29 00:00:00,0,0,0,0,0,0,0,0,2020-04-23 00:00:00,0,2020-03-21 00:00:00,0,0,0,0,0,2020-03-18 00:00:00,2020-03-18 00:00:00,0,0,2020-03-18 00:00:00,0,0,2020-03-18 00:00:00,0,0,0,0,0,0,2020-04-01 00:00:00,2020-04-17 00:00:00,0,1,2020-03-23 00:00:00,0,0,2020-03-19 00:00:00,2020-03-19 00:00:00,0,0,1,1,1,1,1,1,1,1,1,1,0,0,0,0,0,1,1,1,1,1,0,1,1,1,0,0,0,1,0,2020-03-14 00:00:00,0,0,1,0,0,0,0,2020-05-11 00:00:00,0,2020-03-16 00:00:00,0,0,1,0,1,0,484,1084,26,39,0,0,0,0,0,0,0,0,1,220,12741080,57914,10199,5.5,12.1,36.2,110022,228.8,0,0,0,0,1,2020-10-29 00:00:00
18,Indiana,IN,18,2020-03-06 00:00:00,2020-03-20 00:00:00,0,0,0,2020-03-25 00:00:00,0,2020-05-18 00:00:00,2020-03-25 00:00:00,2020-05-18 00:00:00,0,2020-07-27 00:00:00,0,0,0,2020-05-01 00:00:00,0,0,1,2020-03-23 00:00:00,0,1,2020-03-16 00:00:00,2020-05-18 00:00:00,0,2020-03-24 00:00:00,2020-06-01 00:00:00,2020-03-25 00:00:00,2020-06-12 00:00:00,2020-03-16 00:00:00,2020-06-12 00:00:00,2020-05-18 00:00:00,2020-05-08 00:00:00,2020-05-18 00:00:00,0,0,0,0,0,0,0,0,2020-03-19 00:00:00,2020-08-15 00:00:00,0,0,0,0,2020-08-15 00:00:00,0,2020-03-19 00:00:00,2020-03-19 00:00:00,2020-08-14 00:00:00,0,2020-03-19 00:00:00,2020-08-14 00:00:00,0,2020-03-19 00:00:00,2020-08-14 00:00:00,0,2020-03-19 00:00:00,2020-08-14 00:00:00,0,0,2020-03-27 00:00:00,2020-05-14 00:00:00,2020-04-13 00:00:00,0,2020-03-25 00:00:00,0,0,2020-03-30 00:00:00,2020-03-30 00:00:00,1,0,1,1,1,1,1,1,1,1,1,1,0,0,0,0,0,1,1,1,1,1,1,1,0,1,0,0,0,1,0,2020-03-12 00:00:00,0,0,0,1,0,0,2020-03-16 00:00:00,2020-04-27 00:00:00,0,2020-03-26 00:00:00,1,1,1,0,1,0,390,990,26,39,1,0,0,0,2020-03-28 00:00:00,0,0,0,1,183.74,6691878,36420,5471,4.4,13.1,39.9,65693,160,1,0,0,0,0,2020-10-22 00:00:00
19,Iowa,IA,19,2020-03-09 00:00:00,2020-04-02 00:00:00,0,0,0,0,0,0,2020-03-26 00:00:00,2020-05-15 00:00:00,0,0,0,0,0,0,0,0,1,2020-03-20 00:00:00,2020-03-20 00:00:00,1,2020-03-17 00:00:00,2020-05-15 00:00:00,0,2020-03-17 00:00:00,2020-05-15 00:00:00,2020-03-17 00:00:00,2020-05-22 00:00:00,2020-03-17 00:00:00,2020-05-28 00:00:00,2020-05-15 00:00:00,2020-05-01 00:00:00,2020-05-15 00:00:00,2020-08-27 00:00:00,0,0,0,0,0,0,0,2020-03-19 00:00:00,2020-05-28 00:00:00,0,0,0,0,2020-05-28 00:00:00,0,2020-03-27 00:00:00,2020-03-27 00:00:00,2020-07-01 00:00:00,0,2020-03-27 00:00:00,2020-07-01 00:00:00,0,2020-03-27 00:00:00,2020-07-01 00:00:00,0,0,0,0,0,2020-03-25 00:00:00,2020-06-05 00:00:00,0,0,2020-03-25 00:00:00,0,0,2020-03-26 00:00:00,2020-03-13 00:00:00,0,1,1,1,1,1,1,1,1,1,1,1,0,0,0,0,0,1,1,1,1,1,1,1,1,1,0,0,1,1,1,2020-03-14 00:00:00,0,0,0,1,0,0,2020-03-27 00:00:00,2020-05-27 00:00:00,1,0,1,2,1,1,1,0,481,1081,26,39,1,0,0,0,0,0,0,0,1,56.09,3156145,56273,2315,3.6,11.2,36.9,30367,155.7,0,0,0,0,1,2020-10-24 00:00:00
20,Kansas,KS,20,2020-03-12 00:00:00,2020-03-18 00:00:00,0,0,0,2020-03-30 00:00:00,0,2020-05-04 00:00:00,2020-03-30 00:00:00,2020-05-04 00:00:00,1,2020-07-03 00:00:00,0,0,1,2020-07-03 00:00:00,0,0,1,2020-03-18 00:00:00,0,1,2020-03-30 00:00:00,2020-05-04 00:00:00,0,2020-03-30 00:00:00,2020-05-18 00:00:00,2020-03-30 00:00:00,2020-05-22 00:00:00,2020-03-30 00:00:00,2020-06-08 00:00:00,2020-05-18 00:00:00,2020-05-04 00:00:00,2020-05-04 00:00:00,0,0,0,0,0,2020-03-23 00:00:00,0,0,2020-03-17 00:00:00,2020-05-31 00:00:00,0,2020-08-19 00:00:00,2020-03-18 00:00:00,2020-05-31 00:00:00,2020-05-31 00:00:00,0,2020-03-16 00:00:00,2020-03-16 00:00:00,2020-05-31 00:00:00,0,2020-03-16 00:00:00,2020-05-31 00:00:00,0,2020-03-16 00:00:00,2020-05-31 00:00:00,0,2020-03-16 00:00:00,2020-05-31 00:00:00,0,0,2020-04-01 00:00:00,2020-04-25 00:00:00,0,0,2020-03-24 00:00:00,0,0,2020-06-22 00:00:00,2020-04-01 00:00:00,1,1,0,0,1,1,1,1,1,1,1,1,0,0,0,0,1,0,0,0,0,1,1,1,1,1,1,1,1,1,1,2020-03-13 00:00:00,0,0,0,1,0,0,0,0,0,2020-03-31 00:00:00,1,1,0,0,0,1,488,1088,16,29,0,0,0,0,0,0,0,0,0,35.39,2911505,82278,2381,3.8,12,38,27537,196.7,0,0,0,0,0,2020-10-27 00:00:00
21,Kentucky,KY,21,2020-03-06 00:00:00,2020-03-16 00:00:00,2020-03-23 00:00:00,2020-06-08 00:00:00,0,0,2020-03-26 00:00:00,0,2020-03-26 00:00:00,2020-05-11 00:00:00,0,2020-05-11 00:00:00,0,0,1,2020-05-11 00:00:00,0,0,1,2020-03-16 00:00:00,2020-03-19 00:00:00,1,2020-03-16 00:00:00,2020-05-22 00:00:00,0,2020-03-18 00:00:00,2020-06-01 00:00:00,2020-03-18 00:00:00,2020-06-01 00:00:00,2020-03-16 00:00:00,2020-06-29 00:00:00,2020-05-25 00:00:00,2020-05-09 00:00:00,2020-05-20 00:00:00,2020-07-28 00:00:00,2020-07-28 00:00:00,0,0,0,0,2020-04-02 00:00:00,2020-05-22 00:00:00,2020-04-01 00:00:00,2020-08-01 00:00:00,2020-03-25 00:00:00,0,2020-03-16 00:00:00,2020-08-01 00:00:00,2020-08-25 00:00:00,0,2020-03-16 00:00:00,2020-03-16 00:00:00,0,0,2020-03-16 00:00:00,0,0,2020-03-16 00:00:00,0,0,2020-03-16 00:00:00,0,0,0,2020-03-28 00:00:00,2020-05-20 00:00:00,0,1,2020-03-25 00:00:00,0,0,2020-03-18 00:00:00,2020-03-18 00:00:00,0,0,0,0,0,0,1,1,1,1,1,1,0,0,0,0,0,0,0,0,0,1,1,1,0,1,0,0,0,1,0,2020-03-11 00:00:00,0,0,0,1,0,0,2020-03-18 00:00:00,2020-05-06 00:00:00,0,2020-03-16 00:00:00,1,1,1,0,0,0,552,1152,26,39,1,0,0,0,0,0,0,0,1,110.58,4468402,40408,4079,5.2,16.9,43.6,48707,227.5,0,0,0,0,0,2020-10-27 00:00:00
22,Louisiana,LA,22,2020-03-11 00:00:00,2020-03-16 00:00:00,0,0,2020-03-12 00:00:00,2020-03-23 00:00:00,0,2020-05-15 00:00:00,2020-03-23 00:00:00,2020-05-01 00:00:00,0,0,1,1,0,2020-05-01 00:00:00,0,0,1,2020-03-16 00:00:00,2020-03-16 00:00:00,1,2020-03-17 00:00:00,2020-05-01 00:00:00,1,2020-03-17 00:00:00,2020-05-15 00:00:00,2020-03-17 00:00:00,2020-05-15 00:00:00,2020-03-17 00:00:00,2020-06-05 00:00:00,2020-05-15 00:00:00,2020-05-15 00:00:00,2020-05-15 00:00:00,2020-07-13 00:00:00,2020-07-13 00:00:00,0,0,0,0,0,0,2020-03-17 00:00:00,2020-06-15 00:00:00,0,0,2020-03-17 00:00:00,2020-06-15 00:00:00,2020-06-15 00:00:00,0,2020-03-13 00:00:00,2020-03-13 00:00:00,2020-07-16 00:00:00,0,2020-03-13 00:00:00,2020-07-16 00:00:00,0,2020-03-13 00:00:00,2020-07-16 00:00:00,0,2020-03-13 00:00:00,2020-07-16 00:00:00,0,0,2020-03-27 00:00:00,2020-05-20 00:00:00,2020-04-13 00:00:00,1,2020-03-23 00:00:00,0,0,2020-03-23 00:00:00,2020-03-13 00:00:00,1,1,0,0,0,0,1,1,1,1,1,1,1,1,1,0,0,1,1,1,1,1,1,1,0,1,0,0,1,1,1,2020-03-12 00:00:00,2020-03-12 00:00:00,0,0,0,1,0,2020-03-18 00:00:00,2020-04-27 00:00:00,0,2020-03-13 00:00:00,1,1,1,0,1,0,247,847,26,39,1,0,0,0,0,0,0,0,1,88.97,4659978,52378,2941,6.4,18.6,42.1,46048,264.6,1,1,0,0,0,2020-10-30 00:00:00
23,Maine,ME,23,2020-03-15 00:00:00,2020-04-02 00:00:00,0,0,0,2020-04-02 00:00:00,0,2020-05-31 00:00:00,2020-03-25 00:00:00,2020-05-01 00:00:00,0,2020-05-01 00:00:00,1,0,0,2020-05-01 00:00:00,0,0,1,2020-03-18 00:00:00,2020-03-18 00:00:00,1,2020-03-18 00:00:00,2020-06-01 00:00:00,1,2020-03-25 00:00:00,2020-06-17 00:00:00,2020-03-25 00:00:00,2020-07-01 00:00:00,2020-03-18 00:00:00,2020-06-17 00:00:00,2020-06-17 00:00:00,2020-05-29 00:00:00,2020-06-01 00:00:00,0,0,0,0,0,2020-06-12 00:00:00,2020-04-03 00:00:00,0,0,2020-08-03 00:00:00,2020-04-16 00:00:00,0,2020-03-18 00:00:00,2020-08-03 00:00:00,2020-08-03 00:00:00,0,2020-03-16 00:00:00,2020-03-16 00:00:00,0,0,2020-03-16 00:00:00,0,0,2020-03-16 00:00:00,0,0,2020-03-16 00:00:00,0,0,0,2020-03-28 00:00:00,2020-05-20 00:00:00,0,1,2020-04-07 00:00:00,0,0,2020-03-20 00:00:00,2020-03-20 00:00:00,1,1,0,0,0,0,1,1,1,1,1,1,0,0,0,0,1,1,1,1,1,1,1,1,0,1,0,1,0,1,1,2020-03-14 00:00:00,0,2020-07-13 00:00:00,0,1,0,0,0,12/30/1899,0,2020-03-15 00:00:00,1,2,1,0,0,0,445,1045,26,39,0,0,2020-03-24 00:00:00,0,0,0,0,0,1,37.83,1338404,35380,2106,3.5,11.6,42.5,14715,474.6,0,0,0,0,0,2020-10-29 00:00:00
24,Maryland,MD,24,2020-03-05 00:00:00,2020-03-16 00:00:00,2020-03-30 00:00:00,2020-06-19 00:00:00,2020-04-05 00:00:00,2020-03-30 00:00:00,0,2020-05-15 00:00:00,2020-03-23 00:00:00,2020-05-15 00:00:00,0,2020-04-18 00:00:00,1,1,0,2020-04-18 00:00:00,0,0,1,2020-03-19 00:00:00,0,1,2020-03-16 00:00:00,2020-05-29 00:00:00,1,2020-03-16 00:00:00,2020-06-19 00:00:00,2020-03-16 00:00:00,2020-09-01 00:00:00,2020-03-16 00:00:00,2020-06-12 00:00:00,2020-05-15 00:00:00,2020-05-15 00:00:00,2020-05-15 00:00:00,0,0,0,0,0,0,0,0,2020-03-16 00:00:00,2020-07-25 00:00:00,0,0,2020-03-18 00:00:00,2020-07-25 00:00:00,0,0,2020-03-16 00:00:00,2020-03-16 00:00:00,0,0,2020-03-16 00:00:00,0,0,2020-03-16 00:00:00,0,0,2020-03-16 00:00:00,0,0,0,2020-04-01 00:00:00,2020-04-28 00:00:00,2020-04-13 00:00:00,1,2020-03-26 00:00:00,2020-04-01 00:00:00,0,2020-04-01 00:00:00,2020-03-12 00:00:00,0,0,1,1,1,1,1,1,1,1,1,1,1,1,1,1,0,1,1,1,1,1,1,1,1,1,0,0,0,0,0,2020-03-12 00:00:00,0,0,0,0,1,0,2020-03-24 00:00:00,2020-05-07 00:00:00,1,0,1,1,1,1,1,0,430,1030,26,39,0,0,0,0,0,0,0,1,1,487.08,6042718,12406,6561,4.9,9,37.1,50568,257.4,0,0,0,0,1,2020-10-20 00:00:00
25,Massachusetts,MA,25,2020-03-10 00:00:00,2020-03-16 00:00:00,2020-03-23 00:00:00,2020-06-08 00:00:00,2020-03-16 00:00:00,2020-03-24 00:00:00,0,2020-05-18 00:00:00,2020-03-24 00:00:00,2020-05-18 00:00:00,0,2020-05-06 00:00:00,1,0,0,2020-05-06 00:00:00,0,0,1,2020-04-03 00:00:00,2020-04-03 00:00:00,0,2020-03-17 00:00:00,2020-06-08 00:00:00,1,2020-03-24 00:00:00,2020-07-13 00:00:00,2020-03-24 00:00:00,2020-07-13 00:00:00,2020-03-17 00:00:00,0,2020-05-25 00:00:00,2020-05-18 00:00:00,2020-06-08 00:00:00,0,0,0,0,0,2020-07-01 00:00:00,2020-03-27 00:00:00,0,2020-04-20 00:00:00,0,2020-04-20 00:00:00,0,2020-03-17 00:00:00,0,0,0,2020-03-13 00:00:00,2020-03-13 00:00:00,0,0,2020-03-13 00:00:00,0,0,2020-03-24 00:00:00,0,0,0,0,0,0,2020-03-25 00:00:00,2020-04-17 00:00:00,2020-04-10 00:00:00,1,2020-03-26 00:00:00,2020-03-11 00:00:00,0,2020-03-16 00:00:00,2020-03-12 00:00:00,1,0,1,1,1,1,1,1,1,1,1,1,1,1,1,1,1,1,1,1,1,1,1,1,0,1,0,0,0,0,1,2020-03-12 00:00:00,0,2020-07-08 00:00:00,0,0,1,0,2020-03-18 00:00:00,2020-05-18 00:00:00,0,2020-03-18 00:00:00,1,1,1,0,0,0,823,1423,26,39,0,0,0,0,0,2020-04-06 00:00:00,0,1,1,653.98,6902149,10554,18471,4.8,10,34.6,59152,626.6,0,0,0,0,1,2020-10-28 00:00:00
26,Michigan,MI,26,2020-03-10 00:00:00,2020-03-16 00:00:00,2020-03-24 00:00:00,2020-06-08 00:00:00,2020-03-14 00:00:00,2020-03-24 00:00:00,0,2020-06-01 00:00:00,2020-03-24 00:00:00,2020-05-26 00:00:00,1,2020-04-27 00:00:00,1,1,0,2020-04-26 00:00:00,0,0,1,0,0,0,2020-03-16 00:00:00,2020-06-08 00:00:00,0,2020-03-16 00:00:00,2020-09-09 00:00:00,2020-03-16 00:00:00,0,2020-03-16 00:00:00,2020-06-08 00:00:00,2020-06-15 00:00:00,0,2020-06-04 00:00:00,2020-07-01 00:00:00,2020-07-31 00:00:00,0,0,0,0,0,0,0,2020-07-16 00:00:00,2020-03-20 00:00:00,0,0,0,2020-07-16 00:00:00,0,2020-03-28 00:00:00,2020-07-01 00:00:00,0,0,0,0,0,2020-03-28 00:00:00,0,0,0,0,0,0,2020-03-24 00:00:00,2020-04-09 00:00:00,2020-04-09 00:00:00,1,2020-04-06 00:00:00,0,1,2020-01-01 00:00:00,2020-03-12 00:00:00,0,0,1,1,1,1,1,1,1,1,1,1,0,0,0,0,0,0,0,0,0,1,1,1,0,1,0,0,1,1,1,2020-03-13 00:00:00,0,0,0,1,0,0,2020-03-21 00:00:00,2020-05-29 00:00:00,1,0,1,1,1,1,1,1,362,962,26,33,0,0,0,0,0,0,0,1,1,103.36,9995915,96714,8575,5.3,14.1,41.2,98903,265.4,0,0,0,0,1,2020-10-30 00:00:00
27,Minnesota,MN,27,2020-03-13 00:00:00,2020-03-18 00:00:00,0,0,2020-03-16 00:00:00,2020-03-28 00:00:00,0,2020-05-18 00:00:00,2020-03-28 00:00:00,2020-04-27 00:00:00,0,2020-07-24 00:00:00,0,0,0,2020-06-01 00:00:00,0,0,1,2020-04-18 00:00:00,0,1,2020-03-17 00:00:00,2020-06-01 00:00:00,1,2020-03-17 00:00:00,2020-06-10 00:00:00,2020-03-17 00:00:00,2020-06-10 00:00:00,2020-03-17 00:00:00,2020-06-10 00:00:00,2020-06-01 00:00:00,2020-05-18 00:00:00,2020-05-18 00:00:00,0,0,0,0,0,0,0,0,2020-03-24 00:00:00,2020-05-01 00:00:00,2020-03-24 00:00:00,0,2020-03-16 00:00:00,2020-05-01 00:00:00,0,0,0,0,0,0,0,0,0,0,0,0,0,0,0,0,2020-04-13 00:00:00,2020-05-27 00:00:00,2020-04-13 00:00:00,1,2020-03-27 00:00:00,2020-03-20 00:00:00,0,2020-04-16 00:00:00,2020-03-28 00:00:00,0,0,1,1,1,1,1,1,1,1,1,1,1,1,1,1,1,1,1,1,1,1,1,1,1,1,0,1,1,1,1,2020-03-11 00:00:00,0,2020-07-22 00:00:00,0,0,1,0,2020-03-23 00:00:00,2020-05-10 00:00:00,0,2020-04-06 00:00:00,0,0,1,0,1,0,740,1340,26,39,0,0,0,0,0,0,0,0,1,64.54,5611179,86936,7977,3.4,9.6,33.9,44745,250.7,0,0,0,0,0,2020-11-02 00:00:00
28,Mississippi,MS,28,2020-03-14 00:00:00,2020-03-20 00:00:00,0,0,2020-03-24 00:00:00,2020-04-03 00:00:00,0,2020-04-27 00:00:00,2020-04-03 00:00:00,2020-04-27 00:00:00,0,2020-08-05 00:00:00,0,0,1,2020-05-07 00:00:00,0,0,1,2020-03-19 00:00:00,0,1,2020-03-24 00:00:00,2020-05-07 00:00:00,0,2020-03-24 00:00:00,2020-05-11 00:00:00,2020-03-24 00:00:00,2020-06-01 00:00:00,2020-03-24 00:00:00,2020-06-01 00:00:00,2020-05-11 00:00:00,0,2020-04-27 00:00:00,0,0,0,0,0,0,0,0,0,2020-06-01 00:00:00,2020-04-03 00:00:00,0,0,0,2020-06-01 00:00:00,0,2020-03-15 00:00:00,2020-03-15 00:00:00,2020-05-26 00:00:00,0,2020-03-15 00:00:00,2020-05-26 00:00:00,0,2020-03-15 00:00:00,2020-05-26 00:00:00,0,0,0,0,0,2020-03-27 00:00:00,2020-05-20 00:00:00,2020-04-10 00:00:00,0,2020-03-23 00:00:00,0,0,2020-03-16 00:00:00,2020-04-10 00:00:00,0,0,0,0,0,0,1,1,1,1,1,1,0,0,0,0,0,1,1,1,1,1,1,1,1,1,0,0,1,1,1,2020-03-12 00:00:00,0,0,0,1,0,0,2020-03-19 00:00:00,2020-04-27 00:00:00,0,2020-03-21 00:00:00,1,2,1,0,0,0,235,835,26,39,1,0,0,0,0,2020-03-30 00:00:00,0,0,0,61.66,2986530,48432,1184,7.1,19.7,42.5,32301,159,1,0,0,0,0,0
29,Missouri,MO,29,2020-03-13 00:00:00,2020-03-23 00:00:00,0,0,2020-04-06 00:00:00,2020-04-06 00:00:00,0,2020-05-04 00:00:00,2020-04-03 00:00:00,2020-05-04 00:00:00,1,0,0,0,0,0,0,0,1,2020-04-14 00:00:00,0,1,2020-03-23 00:00:00,2020-05-04 00:00:00,0,2020-04-03 00:00:00,2020-05-04 00:00:00,2020-04-03 00:00:00,0,2020-03-23 00:00:00,2020-05-04 00:00:00,2020-05-04 00:00:00,2020-05-27 00:00:00,2020-05-04 00:00:00,0,0,0,0,0,0,0,0,0,0,0,0,0,0,0,0,0,0,0,0,0,0,0,0,0,0,0,0,0,0,2020-03-30 00:00:00,2020-05-20 00:00:00,0,0,2020-03-25 00:00:00,0,0,2020-03-26 00:00:00,2020-03-23 00:00:00,1,1,1,1,1,1,1,1,1,1,1,1,1,1,1,1,0,1,1,1,1,1,1,1,0,1,0,0,0,0,0,2020-03-12 00:00:00,0,2020-06-25 00:00:00,1,0,0,0,0,0,0,2020-03-18 00:00:00,1,2,1,0,0,0,320,920,20,26,0,0,0,0,0,0,0,0,0,87.89,6126452,69707,6179,4.2,13.2,40.5,63117,193.7,0,1,0,0,0,2020-10-21 00:00:00
30,Montana,MT,30,2020-03-12 00:00:00,2020-03-16 00:00:00,0,0,2020-03-15 00:00:00,2020-03-28 00:00:00,0,2020-04-26 00:00:00,2020-03-28 00:00:00,2020-04-27 00:00:00,0,0,0,0,0,0,0,0,1,2020-04-27 00:00:00,2020-04-27 00:00:00,1,2020-03-20 00:00:00,2020-05-04 00:00:00,0,2020-03-20 00:00:00,2020-05-15 00:00:00,2020-03-20 00:00:00,2020-05-15 00:00:00,2020-03-20 00:00:00,2020-05-04 00:00:00,2020-04-27 00:00:00,2020-04-26 00:00:00,2020-04-27 00:00:00,0,0,0,0,0,0,2020-03-30 00:00:00,2020-06-01 00:00:00,2020-03-30 00:00:00,2020-05-24 00:00:00,2020-03-30 00:00:00,0,0,0,2020-05-24 00:00:00,0,2020-03-20 00:00:00,2020-03-30 00:00:00,2020-06-01 00:00:00,0,2020-03-30 00:00:00,2020-06-01 00:00:00,0,2020-03-30 00:00:00,2020-06-01 00:00:00,0,0,0,0,0,2020-04-01 00:00:00,0,2020-04-10 00:00:00,1,2020-03-30 00:00:00,0,0,2020-03-20 00:00:00,2020-03-19 00:00:00,0,0,1,1,1,1,1,1,1,1,1,1,0,0,0,0,0,0,0,0,0,1,1,1,1,1,0,0,1,1,1,2020-03-13 00:00:00,0,0,1,0,0,0,0,0,0,2020-03-17 00:00:00,1,2,1,0,0,0,552,1152,28,41,0,0,0,0,0,0,0,0,1,7.22,1062305,147040,1357,3.5,13,39,9992,295.3,0,0,0,2,0,0
31,Nebraska,NE,31,2020-03-13 00:00:00,2020-04-03 00:00:00,0,0,0,0,0,0,0,2020-06-01 00:00:00,0,0,0,0,0,2020-05-04 00:00:00,0,2020-05-29 00:00:00,1,2020-03-19 00:00:00,2020-03-19 00:00:00,1,2020-04-03 00:00:00,2020-06-01 00:00:00,0,0,0,0,0,2020-04-03 00:00:00,2020-06-22 00:00:00,2020-06-01 00:00:00,2020-05-04 00:00:00,0,0,0,0,0,0,0,0,0,2020-03-25 00:00:00,2020-06-01 00:00:00,0,0,0,0,2020-06-01 00:00:00,0,0,0,0,0,0,0,0,0,0,0,0,0,0,0,2020-04-07 00:00:00,2020-06-18 00:00:00,0,0,2020-04-02 00:00:00,0,0,2020-03-23 00:00:00,2020-03-17 00:00:00,0,0,1,1,1,0,1,1,1,1,0,1,0,0,0,0,1,0,0,0,0,1,1,1,0,1,1,1,0,1,1,2020-03-16 00:00:00,0,0,1,0,0,0,2020-04-03 00:00:00,2020-05-04 00:00:00,0,2020-03-17 00:00:00,1,2,1,0,0,0,440,1040,26,39,1,0,0,0,0,0,0,0,1,24.94,1929268,77348,2365,3.5,11,36.6,16904,254.7,0,0,0,2,1,2020-10-23 00:00:00
32,Nevada,NV,32,2020-03-12 00:00:00,2020-03-16 00:00:00,0,0,0,2020-03-31 00:00:00,0,2020-05-09 00:00:00,2020-03-21 00:00:00,2020-05-09 00:00:00,0,2020-06-26 00:00:00,1,1,0,2020-05-09 00:00:00,0,0,0,0,0,1,2020-03-21 00:00:00,2020-05-09 00:00:00,0,2020-03-21 00:00:00,2020-05-29 00:00:00,2020-03-21 00:00:00,2020-05-29 00:00:00,2020-03-20 00:00:00,2020-05-29 00:00:00,2020-05-09 00:00:00,2020-05-29 00:00:00,2020-05-09 00:00:00,2020-07-10 00:00:00,0,0,0,0,0,0,0,2020-03-29 00:00:00,2020-08-01 00:00:00,0,0,2020-03-31 00:00:00,2020-07-31 00:00:00,0,0,0,0,0,0,0,0,0,0,0,0,0,0,0,0,2020-04-07 00:00:00,0,2020-05-13 00:00:00,1,2020-04-07 00:00:00,2020-03-17 00:00:00,0,2020-03-17 00:00:00,2020-03-17 00:00:00,1,1,1,1,1,1,1,1,1,1,1,1,0,1,1,1,1,1,1,1,1,1,1,1,1,1,0,1,1,1,1,2020-03-07 00:00:00,2020-03-16 00:00:00,0,0,0,0,1,0,0,0,2020-03-18 00:00:00,1,1,0,0,0,0,469,1069,26,39,0,0,0,0,0,0,2020-04-08 00:00:00,1,1,27.44,3034392,110572,7169,5.6,12.9,36.1,24715,211.6,0,0,0,1,0,0
33,New Hampshire,NH,33,2020-03-13 00:00:00,2020-03-16 00:00:00,0,0,2020-03-15 00:00:00,2020-03-28 00:00:00,0,2020-06-16 00:00:00,2020-03-28 00:00:00,2020-05-11 00:00:00,0,0,0,0,0,2020-05-01 00:00:00,0,0,1,2020-03-18 00:00:00,2020-03-18 00:00:00,1,2020-03-16 00:00:00,2020-05-18 00:00:00,0,2020-03-27 00:00:00,2020-06-01 00:00:00,2020-03-28 00:00:00,2020-06-29 00:00:00,2020-03-16 00:00:00,2020-06-15 00:00:00,2020-05-11 00:00:00,2020-05-29 00:00:00,2020-05-11 00:00:00,0,0,0,0,0,0,0,0,2020-03-17 00:00:00,2020-07-06 00:00:00,2020-03-17 00:00:00,0,2020-03-17 00:00:00,2020-07-06 00:00:00,2020-07-01 00:00:00,0,2020-03-17 00:00:00,2020-03-17 00:00:00,2020-07-15 00:00:00,0,2020-03-17 00:00:00,2020-07-15 00:00:00,0,2020-03-17 00:00:00,2020-07-15 00:00:00,0,2020-03-17 00:00:00,2020-07-15 00:00:00,0,0,2020-04-01 00:00:00,2020-05-12 00:00:00,2020-04-13 00:00:00,0,2020-03-23 00:00:00,0,0,2020-03-18 00:00:00,2020-03-17 00:00:00,0,0,0,0,0,0,1,0,1,1,0,1,0,1,1,0,0,0,1,1,0,1,0,1,0,1,1,0,0,1,0,2020-03-16 00:00:00,2020-03-16 00:00:00,2020-08-10 00:00:00,0,1,0,0,0,0,0,2020-03-17 00:00:00,0,0,1,1,1,0,427,1027,26,39,0,0,0,0,0,2020-04-06 00:00:00,0,0,1,145.09,1356458,9349,1396,3.6,7.6,40.5,12774,307.3,0,1,0,0,0,0
34,New Jersey,NJ,34,2020-03-09 00:00:00,2020-03-18 00:00:00,2020-03-18 00:00:00,2020-06-15 00:00:00,0,2020-03-21 00:00:00,0,2020-06-09 00:00:00,2020-03-21 00:00:00,2020-05-18 00:00:00,0,2020-04-08 00:00:00,1,1,0,2020-04-08 00:00:00,0,0,1,2020-03-21 00:00:00,2020-03-30 00:00:00,1,2020-03-16 00:00:00,2020-06-15 00:00:00,1,2020-03-16 00:00:00,2020-09-01 00:00:00,2020-03-16 00:00:00,2020-09-04 00:00:00,2020-03-16 00:00:00,2020-06-15 00:00:00,2020-06-22 00:00:00,2020-06-09 00:00:00,2020-06-15 00:00:00,0,0,0,0,0,00:00:00,0,0,0,0,2020-03-19 00:00:00,0,2020-03-16 00:00:00,0,0,2020-04-24 00:00:00,2020-04-13 00:00:00,0,0,0,0,0,0,0,0,0,2020-04-13 00:00:00,0,0,0,2020-03-25 00:00:00,2020-05-08 00:00:00,2020-04-13 00:00:00,1,2020-03-23 00:00:00,0,0,2020-03-22 00:00:00,2020-03-20 00:00:00,1,1,1,1,1,1,1,1,1,1,1,1,0,0,0,0,1,1,1,1,1,1,1,1,0,1,0,1,0,1,0,2020-03-14 00:00:00,0,0,0,1,0,0,2020-03-27 00:00:00,2020-05-26 00:00:00,1,0,1,1,1,0,1,0,713,1313,26,39,0,0,0,0,0,0,0,1,1,1021.27,8908520,8723,8862,4.9,9.5,34.6,75765,220.7,0,0,0,1,0,0
35,New Mexico,NM,35,2020-03-11 00:00:00,2020-03-16 00:00:00,0,0,2020-03-13 00:00:00,2020-03-24 00:00:00,0,0,2020-03-24 00:00:00,2020-05-16 00:00:00,1,2020-05-15 00:00:00,0,0,1,2020-05-06 00:00:00,0,0,0,0,0,0,2020-03-19 00:00:00,2020-05-27 00:00:00,1,2020-03-19 00:00:00,2020-06-01 00:00:00,2020-03-19 00:00:00,0,2020-03-19 00:00:00,0,2020-06-01 00:00:00,2020-05-16 00:00:00,2020-05-16 00:00:00,0,0,0,0,2020-07-13 00:00:00,2020-09-04 00:00:00,2020-07-01 00:00:00,0,0,0,2020-03-24 00:00:00,0,0,0,0,0,2020-03-19 00:00:00,2020-03-19 00:00:00,0,0,2020-03-19 00:00:00,0,0,2020-03-19 00:00:00,0,0,0,0,0,0,2020-03-27 00:00:00,2020-04-28 00:00:00,0,1,2020-03-23 00:00:00,0,0,2020-03-20 00:00:00,2020-03-20 00:00:00,0,0,0,1,1,1,1,0,1,1,1,1,0,1,1,1,1,0,1,1,1,1,1,1,1,1,0,1,1,1,1,2020-03-12 00:00:00,2020-03-16 00:00:00,0,1,0,0,0,2020-03-27 00:00:00,2020-04-30 00:00:00,0,2020-03-15 00:00:00,1,1,1,0,0,0,511,1111,26,39,0,0,0,0,0,0,0,0,1,17.23,2095428,121590,3241,6.1,19.5,39.4,19007,388.8,0,0,0,0,2,2020-10-20 00:00:00
36,New York,NY,36,2020-03-07 00:00:00,2020-03-18 00:00:00,0,0,2020-03-13 00:00:00,2020-03-22 00:00:00,0,2020-06-27 00:00:00,2020-03-22 00:00:00,2020-06-08 00:00:00,1,2020-04-17 00:00:00,1,0,0,2020-04-17 00:00:00,0,0,1,2020-03-16 00:00:00,2020-03-16 00:00:00,0,2020-03-16 00:00:00,2020-06-22 00:00:00,1,2020-03-16 00:00:00,0,2020-03-16 00:00:00,0,2020-03-16 00:00:00,0,2020-06-22 00:00:00,2020-06-22 00:00:00,2020-06-08 00:00:00,0,0,0,0,0,2020-06-25 00:00:00,0,0,2020-03-20 00:00:00,0,2020-03-20 00:00:00,0,2020-03-16 00:00:00,0,0,0,2020-03-13 00:00:00,2020-06-17 00:00:00,0,0,2020-06-17 00:00:00,0,0,2020-06-17 00:00:00,0,0,2020-06-17 00:00:00,0,0,2020-03-21 00:00:00,2020-04-01 00:00:00,2020-05-06 00:00:00,0,1,2020-03-26 00:00:00,2020-03-16 00:00:00,0,2020-03-15 00:00:00,2020-03-01 00:00:00,0,0,1,1,1,1,1,1,1,1,1,1,1,1,1,1,1,1,1,1,1,1,1,1,0,1,0,0,0,0,1,2020-03-14 00:00:00,0,2020-08-05 00:00:00,1,0,0,0,2020-03-20 00:00:00,2020-06-08 00:00:00,0,2020-03-12 00:00:00,0,0,0,0,0,0,504,1104,26,39,0,0,0,0,2020-03-27 00:00:00,0,0,0,1,358.21,19542209,54555,92091,5,13.6,36.9,157183,291.1,0,0,0,0,2,2020-10-27 00:00:00
37,North Carolina,NC,37,2020-03-10 00:00:00,2020-03-16 00:00:00,0,0,2020-03-23 00:00:00,2020-03-30 00:00:00,0,2020-05-22 00:00:00,2020-03-30 00:00:00,2020-05-08 00:00:00,1,2020-06-26 00:00:00,0,1,0,2020-06-26 00:00:00,0,0,1,2020-03-17 00:00:00,2020-03-17 00:00:00,1,2020-03-17 00:00:00,2020-05-22 00:00:00,0,2020-03-25 00:00:00,2020-09-04 00:00:00,2020-03-25 00:00:00,0,2020-03-17 00:00:00,0,2020-05-22 00:00:00,2020-05-16 00:00:00,2020-05-08 00:00:00,0,0,0,0,0,0,0,0,2020-05-30 00:00:00,2020-06-21 00:00:00,0,0,2020-03-13 00:00:00,2020-06-21 00:00:00,2020-06-21 00:00:00,0,2020-03-19 00:00:00,2020-03-19 00:00:00,2020-09-01 00:00:00,0,2020-03-19 00:00:00,2020-09-01 00:00:00,0,2020-03-19 00:00:00,2020-09-01 00:00:00,0,0,0,0,0,2020-03-27 00:00:00,2020-04-16 00:00:00,2020-04-13 00:00:00,0,2020-03-23 00:00:00,0,0,0,2020-03-23 00:00:00,0,0,0,0,1,1,1,1,1,1,1,1,0,0,1,1,0,1,1,1,1,1,1,1,1,1,0,0,1,1,1,2020-03-13 00:00:00,0,0,0,1,0,0,0,2020-05-01 00:00:00,0,2020-03-17 00:00:00,1,1,1,1,0,0,350,950,12,25,0,0,0,0,0,0,0,0,0,192.94,10383620,53819,9314,5,14,39,93885,243.6,0,0,0,0,0,2020-10-27 00:00:00
38,North Dakota,ND,38,2020-03-13 00:00:00,2020-03-16 00:00:00,0,0,2020-04-06 00:00:00,0,0,0,2020-03-20 00:00:00,2020-05-01 00:00:00,0,0,0,0,0,2020-04-28 00:00:00,0,0,1,0,0,1,2020-03-20 00:00:00,2020-05-01 00:00:00,0,2020-03-20 00:00:00,2020-05-01 00:00:00,2020-03-20 00:00:00,2020-05-01 00:00:00,2020-03-20 00:00:00,2020-05-01 00:00:00,2020-05-01 00:00:00,0,2020-05-01 00:00:00,0,0,0,0,0,2020-03-28 00:00:00,0,2020-09-21 00:00:00,0,2020-04-22 00:00:00,0,0,2020-03-26 00:00:00,2020-04-22 00:00:00,0,0,0,0,0,0,0,0,0,0,0,0,0,0,0,0,2020-04-01 00:00:00,2020-05-01 00:00:00,0,1,2020-03-24 00:00:00,0,0,2020-03-20 00:00:00,2020-03-20 00:00:00,0,0,0,0,0,0,1,1,1,1,1,1,0,0,0,0,0,0,0,0,0,0,1,1,0,1,0,0,0,0,1,2020-03-12 00:00:00,2020-03-12 00:00:00,2020-06-27 00:00:00,0,1,0,0,0,0,0,2020-04-01 00:00:00,1,2,1,0,0,0,618,1218,26,39,0,0,0,0,0,0,0,0,1,10.75,760077,70698,557,2.8,10.7,34.6,6445,188.4,0,0,0,0,1,0
39,Ohio,OH,39,2020-03-09 00:00:00,2020-03-17 00:00:00,2020-03-26 00:00:00,2020-05-31 00:00:00,2020-03-11 00:00:00,2020-03-24 00:00:00,0,2020-05-20 00:00:00,2020-03-24 00:00:00,2020-05-04 00:00:00,1,2020-07-23 00:00:00,0,0,1,2020-04-29 00:00:00,0,0,1,2020-04-07 00:00:00,2020-04-07 00:00:00,1,2020-03-15 00:00:00,2020-05-15 00:00:00,1,2020-03-17 00:00:00,2020-05-22 00:00:00,2020-03-17 00:00:00,2020-06-10 00:00:00,2020-03-15 00:00:00,2020-05-15 00:00:00,2020-05-15 00:00:00,0,2020-05-12 00:00:00,0,0,0,0,0,0,0,0,0,0,0,0,0,0,0,0,0,0,0,0,0,0,0,0,0,0,0,0,0,0,2020-03-26 00:00:00,2020-05-11 00:00:00,2020-04-13 00:00:00,1,2020-04-22 00:00:00,0,0,2020-03-19 00:00:00,2020-03-09 00:00:00,0,0,0,0,0,0,1,0,0,0,0,1,0,0,1,1,1,0,0,0,0,1,1,1,1,1,1,1,1,1,0,2020-03-10 00:00:00,0,2020-07-08 00:00:00,0,1,0,0,2020-03-18 00:00:00,2020-05-01 00:00:00,0,2020-03-16 00:00:00,1,1,1,1,0,0,647,1247,26,39,1,0,0,0,0,0,0,0,1,260.77,11689442,44826,10345,4.9,13.9,39.8,124264,245.1,0,0,0,0,0,2020-10-31 00:00:00
40,Oklahoma,OK,40,2020-03-15 00:00:00,2020-03-17 00:00:00,0,0,2020-03-16 00:00:00,0,2020-04-01 00:00:00,2020-05-15 00:00:00,2020-04-01 00:00:00,2020-04-24 00:00:00,0,0,0,0,0,0,0,0,1,2020-03-23 00:00:00,2020-03-24 00:00:00,1,2020-04-01 00:00:00,2020-05-01 00:00:00,0,2020-04-01 00:00:00,2020-05-01 00:00:00,2020-04-01 00:00:00,2020-05-01 00:00:00,2020-03-25 00:00:00,2020-05-15 00:00:00,2020-04-24 00:00:00,2020-05-01 00:00:00,2020-04-24 00:00:00,0,0,0,0,0,2020-03-29 00:00:00,0,2020-05-12 00:00:00,0,0,0,0,0,0,0,0,0,0,0,0,0,0,0,0,0,0,0,0,0,0,2020-03-30 00:00:00,0,2020-04-13 00:00:00,0,2020-03-24 00:00:00,0,0,2020-03-25 00:00:00,2020-03-16 00:00:00,0,0,0,0,0,0,1,1,1,1,0,1,1,1,1,0,0,1,1,1,0,1,1,1,1,1,0,0,1,1,1,2020-03-13 00:00:00,0,2020-07-30 00:00:00,0,1,0,0,2020-03-24 00:00:00,2020-04-30 00:00:00,0,2020-03-21 00:00:00,1,1,0,0,0,0,539,1139,26,39,1,0,0,0,0,0,0,0,0,56.41,3943079,69899,3944,4.4,15.6,40.8,40933,401.4,0,1,0,0,0,2020-10-27 00:00:00
41,Oregon,OR,41,2020-03-08 00:00:00,2020-03-16 00:00:00,2020-03-25 00:00:00,2020-05-16 00:00:00,0,2020-03-23 00:00:00,0,2020-06-19 00:00:00,2020-03-23 00:00:00,2020-05-15 00:00:00,0,2020-07-01 00:00:00,0,0,1,2020-05-09 00:00:00,0,0,1,2020-03-19 00:00:00,2020-03-19 00:00:00,1,2020-03-17 00:00:00,2020-06-19 00:00:00,0,2020-03-24 00:00:00,2020-06-19 00:00:00,2020-03-24 00:00:00,0,2020-03-17 00:00:00,2020-06-19 00:00:00,2020-06-19 00:00:00,2020-05-15 00:00:00,2020-05-15 00:00:00,0,0,0,0,0,0,0,0,2020-04-01 00:00:00,0,2020-03-22 00:00:00,0,2020-03-16 00:00:00,0,0,0,0,0,0,0,0,0,0,0,0,0,0,0,0,0,2020-04-06 00:00:00,2020-04-29 00:00:00,2020-04-13 00:00:00,1,2020-03-25 00:00:00,0,0,2020-03-13 00:00:00,2020-03-13 00:00:00,0,0,0,0,0,0,1,0,0,0,0,1,1,1,1,0,1,0,0,0,0,1,1,1,1,1,0,1,1,1,1,2020-03-13 00:00:00,2020-03-13 00:00:00,0,1,0,0,0,2020-03-18 00:00:00,2020-05-01 00:00:00,0,0,1,1,1,0,1,0,648,1248,26,39,0,0,0,0,0,0,0,1,1,42.6,4190713,98379,15876,5,12.6,39.8,36187,522.3,0,0,1,0,0,0
42,Pennsylvania,PA,42,2020-03-06 00:00:00,2020-03-16 00:00:00,2020-03-17 00:00:00,2020-06-05 00:00:00,2020-03-17 00:00:00,2020-04-01 00:00:00,0,2020-06-05 00:00:00,2020-03-19 00:00:00,2020-06-05 00:00:00,1,2020-07-01 00:00:00,0,0,1,2020-04-19 00:00:00,0,0,1,2020-03-18 00:00:00,0,1,2020-03-17 00:00:00,2020-06-05 00:00:00,1,2020-03-19 00:00:00,2020-07-03 00:00:00,2020-03-19 00:00:00,2020-07-03 00:00:00,2020-03-19 00:00:00,2020-06-05 00:00:00,2020-07-03 00:00:00,0,2020-06-05 00:00:00,2020-07-16 00:00:00,2020-07-16 00:00:00,0,0,0,0,0,0,2020-05-07 00:00:00,2020-05-11 00:00:00,2020-03-20 00:00:00,0,2020-03-20 00:00:00,2020-06-01 00:00:00,2020-09-01 00:00:00,0,2020-03-13 00:00:00,2020-03-13 00:00:00,0,0,2020-03-13 00:00:00,0,0,2020-03-13 00:00:00,0,0,2020-03-13 00:00:00,0,0,0,2020-04-02 00:00:00,2020-05-06 00:00:00,2020-04-10 00:00:00,1,2020-03-27 00:00:00,0,0,2020-03-15 00:00:00,2020-03-20 00:00:00,1,1,0,0,0,0,1,0,0,0,0,1,0,0,0,0,0,0,0,0,0,1,1,1,0,1,0,0,0,0,0,2020-03-13 00:00:00,0,0,0,1,0,0,2020-03-20 00:00:00,2020-04-27 00:00:00,0,2020-03-27 00:00:00,1,1,1,0,0,0,572,1172,26,39,1,2020-03-25 00:00:00,2020-03-18 00:00:00,0,2019-10-24 00:00:00,0,0,0,1,278.09,12807060,46054,13199,4.9,12.2,39.8,134702,206.2,0,0,0,0,0,2020-10-27 00:00:00
43,Rhode Island,RI,44,2020-03-09 00:00:00,2020-03-16 00:00:00,2020-03-16 00:00:00,2020-06-01 00:00:00,2020-03-13 00:00:00,2020-03-28 00:00:00,0,2020-05-09 00:00:00,2020-03-30 00:00:00,2020-05-09 00:00:00,0,2020-04-18 00:00:00,0,0,1,2020-04-18 00:00:00,0,0,1,2020-05-08 00:00:00,0,1,2020-03-17 00:00:00,2020-05-18 00:00:00,1,2020-03-23 00:00:00,2020-06-01 00:00:00,2020-03-23 00:00:00,2020-06-30 00:00:00,2020-03-17 00:00:00,2020-06-01 00:00:00,2020-06-01 00:00:00,2020-05-30 00:00:00,2020-05-09 00:00:00,0,0,0,0,0,2020-03-26 00:00:00,2020-03-28 00:00:00,0,2020-03-19 00:00:00,2020-06-01 00:00:00,2020-04-10 00:00:00,0,2020-03-17 00:00:00,2020-06-01 00:00:00,2020-07-01 00:00:00,0,2020-03-16 00:00:00,2020-03-16 00:00:00,0,0,2020-03-16 00:00:00,0,0,2020-03-16 00:00:00,0,0,0,0,0,0,2020-03-25 00:00:00,2020-04-10 00:00:00,2020-04-13 00:00:00,1,2020-03-25 00:00:00,2020-03-14 00:00:00,0,2020-03-18 00:00:00,2020-03-18 00:00:00,0,0,1,1,1,1,1,1,1,1,1,1,0,0,0,1,1,0,0,0,1,1,1,1,1,1,0,1,0,1,1,2020-03-11 00:00:00,0,0,0,0,1,0,0,0,0,2020-03-12 00:00:00,1,1,1,1,1,0,732,1332,26,39,0,2020-04-13 00:00:00,0,2020-04-13 00:00:00,0,0,0,1,1,684.35,1057315,1545,1055,5.5,12.9,38.3,10083,409.5,0,0,0,0,2,2020-10-13 00:00:00
44,South Carolina,SC,45,2020-03-13 00:00:00,2020-03-16 00:00:00,0,0,2020-03-15 00:00:00,2020-04-07 00:00:00,0,2020-05-04 00:00:00,2020-04-01 00:00:00,2020-04-20 00:00:00,1,0,1,1,0,2020-08-03 00:00:00,0,0,1,2020-03-21 00:00:00,0,1,2020-03-18 00:00:00,2020-05-04 00:00:00,1,2020-04-01 00:00:00,2020-05-18 00:00:00,2020-04-01 00:00:00,2020-08-03 00:00:00,2020-03-18 00:00:00,2020-05-04 00:00:00,2020-05-18 00:00:00,0,2020-04-20 00:00:00,0,0,0,0,0,2020-03-27 00:00:00,0,2020-05-04 00:00:00,2020-03-17 00:00:00,2020-05-15 00:00:00,0,0,0,0,2020-05-15 00:00:00,0,0,0,0,0,0,0,0,0,0,0,0,0,0,0,2020-03-24 00:00:00,2020-06-18 00:00:00,2020-04-10 00:00:00,0,2020-03-30 00:00:00,0,0,2020-03-19 00:00:00,2020-03-15 00:00:00,0,0,0,0,0,0,1,1,1,1,1,1,0,0,0,0,1,1,1,1,1,1,1,1,1,1,0,0,1,0,1,2020-03-12 00:00:00,0,0,0,1,0,0,0,0,0,2020-03-19 00:00:00,1,1,0,0,0,0,326,926,20,33,0,0,0,0,0,0,0,0,0,158.78,5084127,32020,4172,5.3,15.3,41.4,50640,174.1,1,1,0,0,0,2020-10-30 00:00:00
45,South Dakota,SD,46,2020-03-13 00:00:00,2020-03-16 00:00:00,0,0,0,0,0,0,0,0,0,0,0,0,0,0,0,0,1,0,0,1,0,0,0,0,0,0,0,0,0,0,0,0,0,0,0,0,0,0,0,0,0,0,0,0,0,0,0,0,0,0,0,0,0,0,0,0,0,0,0,0,0,0,2020-04-09 00:00:00,0,0,1,2020-03-24 00:00:00,0,0,2020-04-15 00:00:00,2020-03-23 00:00:00,0,0,0,0,0,0,1,1,1,1,1,1,0,0,0,1,1,0,0,0,0,1,1,1,1,1,0,1,0,1,1,2020-03-12 00:00:00,0,0,0,1,0,0,2020-03-23 00:00:00,2020-04-28 00:00:00,0,2020-03-28 00:00:00,1,2,1,0,0,0,414,1014,26,39,0,0,0,0,0,0,0,0,0,11.44,882235,77116,995,3,13.1,35.3,7971,179,0,0,0,0,1,0
46,Tennessee,TN,47,2020-03-12 00:00:00,2020-03-20 00:00:00,0,0,2020-03-23 00:00:00,2020-04-02 00:00:00,0,2020-04-29 00:00:00,2020-04-01 00:00:00,2020-04-27 00:00:00,1,0,0,0,0,0,0,0,1,2020-03-23 00:00:00,2020-03-23 00:00:00,1,2020-03-23 00:00:00,2020-04-27 00:00:00,0,2020-03-23 00:00:00,2020-05-01 00:00:00,2020-03-23 00:00:00,2020-05-22 00:00:00,2020-03-23 00:00:00,2020-05-22 00:00:00,2020-05-06 00:00:00,0,2020-04-27 00:00:00,0,0,0,0,0,0,0,0,2020-03-25 00:00:00,2020-06-01 00:00:00,0,0,2020-03-13 00:00:00,2020-06-01 00:00:00,2020-06-01 00:00:00,0,2020-03-31 00:00:00,2020-03-31 00:00:00,2020-08-29 00:00:00,0,2020-03-31 00:00:00,2020-08-29 00:00:00,0,2020-03-31 00:00:00,0,0,0,0,0,0,2020-03-24 00:00:00,2020-05-19 00:00:00,0,1,2020-03-30 00:00:00,0,0,2020-03-19 00:00:00,2020-03-13 00:00:00,0,0,0,0,0,0,1,1,1,1,1,1,0,0,0,0,0,0,0,0,0,1,1,1,1,1,0,0,0,1,0,2020-03-12 00:00:00,1,0,0,0,1,0,2020-03-24 00:00:00,2020-05-01 00:00:00,0,2020-03-19 00:00:00,1,1,1,0,1,0,275,875,26,39,1,0,0,0,0,0,0,0,0,160.64,6770010,42144,7467,5.5,15.3,41.6,71078,153,1,0,0,0,0,2020-10-27 00:00:00
47,Texas,TX,48,2020-03-13 00:00:00,2020-03-23 00:00:00,0,0,2020-03-21 00:00:00,0,2020-04-02 00:00:00,2020-05-01 00:00:00,2020-03-31 00:00:00,2020-05-01 00:00:00,1,2020-07-03 00:00:00,1,0,0,2020-05-08 00:00:00,0,2020-04-27 00:00:00,1,2020-03-19 00:00:00,2020-03-19 00:00:00,1,2020-03-21 00:00:00,2020-05-01 00:00:00,0,2020-03-21 00:00:00,2020-05-18 00:00:00,2020-03-31 00:00:00,2020-05-01 00:00:00,2020-03-20 00:00:00,2020-05-29 00:00:00,2020-05-08 00:00:00,0,2020-05-01 00:00:00,2020-06-26 00:00:00,2020-06-26 00:00:00,0,0,0,2020-03-26 00:00:00,0,2020-05-21 00:00:00,2020-03-19 00:00:00,2020-05-19 00:00:00,2020-03-19 00:00:00,0,0,0,2020-05-19 00:00:00,0,2020-03-26 00:00:00,0,0,0,2020-03-26 00:00:00,2020-06-13 00:00:00,0,2020-03-26 00:00:00,2020-06-13 00:00:00,0,0,0,0,0,2020-04-06 00:00:00,2020-05-08 00:00:00,2020-04-10 00:00:00,0,2020-03-30 00:00:00,0,0,2020-03-17 00:00:00,2020-03-17 00:00:00,0,0,0,0,0,0,1,1,1,1,1,1,0,0,0,0,0,1,1,1,1,1,1,1,1,1,0,0,0,0,1,2020-03-13 00:00:00,2020-03-13 00:00:00,0,0,1,0,0,2020-03-22 00:00:00,2020-05-08 00:00:00,0,2020-03-17 00:00:00,1,1,1,1,1,0,521,1121,26,39,1,0,0,0,0,0,0,0,0,106.86,28701845,268596,25848,4.9,14.9,34.8,202211,111.8,1,0,0,0,0,2020-10-23 00:00:00
48,Utah,UT,49,2020-03-06 00:00:00,2020-03-16 00:00:00,0,0,2020-04-01 00:00:00,0,0,0,0,0,0,2020-04-10 00:00:00,0,0,1,2020-04-10 00:00:00,2020-05-01 00:00:00,0,1,0,0,1,2020-03-19 00:00:00,2020-05-01 00:00:00,0,0,0,0,0,2020-03-18 00:00:00,2020-05-01 00:00:00,2020-05-01 00:00:00,2020-05-06 00:00:00,0,0,0,0,0,0,0,2020-04-10 00:00:00,2020-05-01 00:00:00,0,2020-05-15 00:00:00,2020-04-01 00:00:00,0,0,0,2020-05-16 00:00:00,0,0,0,0,0,0,0,0,0,0,0,0,0,0,0,2020-04-15 00:00:00,0,0,1,2020-04-10 00:00:00,0,0,2020-03-25 00:00:00,2020-03-20 00:00:00,1,1,1,1,1,1,1,1,1,1,1,1,0,0,0,0,1,1,1,1,1,1,1,1,1,1,1,1,1,1,1,2020-03-12 00:00:00,0,0,0,1,0,0,2020-03-25 00:00:00,2020-04-22 00:00:00,0,2020-04-26 00:00:00,0,0,1,0,0,0,580,1180,26,39,0,0,0,0,0,0,0,0,1,37.23,3161105,84897,2798,3.2,9,30,18354,335.5,0,0,1,0,0,0
49,Vermont,VT,50,2020-03-13 00:00:00,2020-03-18 00:00:00,2020-03-18 00:00:00,2020-06-01 00:00:00,2020-03-13 00:00:00,2020-03-24 00:00:00,0,2020-05-15 00:00:00,2020-03-25 00:00:00,2020-04-27 00:00:00,0,2020-08-01 00:00:00,0,0,1,2020-04-17 00:00:00,0,0,1,2020-03-20 00:00:00,2020-03-20 00:00:00,1,2020-03-17 00:00:00,2020-05-22 00:00:00,1,2020-03-23 00:00:00,2020-06-01 00:00:00,2020-03-25 00:00:00,2020-06-01 00:00:00,2020-03-17 00:00:00,2020-05-22 00:00:00,2020-05-29 00:00:00,2020-05-23 00:00:00,2020-04-27 00:00:00,0,0,0,0,0,2020-06-08 00:00:00,2020-03-30 00:00:00,0,2020-05-14 00:00:00,0,2020-05-14 00:00:00,0,2020-03-17 00:00:00,0,0,0,2020-03-18 00:00:00,2020-03-18 00:00:00,0,0,2020-03-18 00:00:00,0,0,2020-03-27 00:00:00,0,0,2020-03-18 00:00:00,0,0,0,2020-03-27 00:00:00,2020-05-04 00:00:00,0,1,2020-03-30 00:00:00,2020-03-20 00:00:00,0,2020-03-20 00:00:00,2020-03-30 00:00:00,0,0,0,0,0,0,1,1,1,1,1,1,0,0,0,0,0,1,1,1,1,1,0,1,1,1,0,0,0,1,0,2020-03-13 00:00:00,0,0,1,0,0,0,2020-03-20 00:00:00,2020-05-04 00:00:00,0,2020-04-15 00:00:00,1,1,1,0,1,0,513,1113,26,39,0,0,0,0,0,0,0,1,1,65.13,626299,9616,1089,3.8,11,39.1,6027,452.3,0,0,0,2,2,0
50,Virginia,VA,51,2020-03-12 00:00:00,2020-03-16 00:00:00,0,0,0,2020-03-30 00:00:00,0,2020-05-29 00:00:00,2020-03-25 00:00:00,2020-05-29 00:00:00,0,2020-05-29 00:00:00,0,1,0,2020-05-29 00:00:00,0,0,1,2020-03-16 00:00:00,2020-03-19 00:00:00,1,2020-03-25 00:00:00,2020-05-29 00:00:00,1,2020-03-25 00:00:00,2020-06-12 00:00:00,2020-03-25 00:00:00,2020-07-01 00:00:00,2020-03-24 00:00:00,2020-05-29 00:00:00,2020-05-29 00:00:00,2020-05-29 00:00:00,2020-05-29 00:00:00,0,0,0,0,0,0,0,0,0,2020-04-22 00:00:00,2020-06-08 00:00:00,2020-08-10 00:00:00,2020-03-16 00:00:00,2020-04-22 00:00:00,0,0,2020-03-16 00:00:00,2020-03-16 00:00:00,0,0,2020-03-16 00:00:00,0,0,2020-03-16 00:00:00,0,0,0,0,0,0,2020-03-24 00:00:00,2020-04-25 00:00:00,2020-04-13 00:00:00,1,2020-03-23 00:00:00,0,0,2020-03-19 00:00:00,2020-03-19 00:00:00,0,0,1,1,1,1,1,1,1,1,1,1,0,0,0,0,0,1,1,1,1,1,1,1,1,1,0,0,1,1,1,2020-03-13 00:00:00,2020-03-13 00:00:00,0,1,0,0,0,2020-03-25 00:00:00,2020-05-01 00:00:00,0,2020-03-17 00:00:00,1,1,1,0,0,0,378,978,26,39,0,0,0,0,0,0,0,0,1,199.13,8517685,42775,5783,4.2,10.7,35.9,69359,171.9,0,0,0,0,0,2020-10-23 00:00:00
51,Washington,WA,53,2020-02-29 00:00:00,2020-03-17 00:00:00,0,0,2020-03-16 00:00:00,2020-03-23 00:00:00,0,2020-06-01 00:00:00,2020-03-25 00:00:00,2020-06-01 00:00:00,0,2020-06-26 00:00:00,1,1,0,2020-05-04 00:00:00,0,0,1,2020-03-24 00:00:00,2020-03-24 00:00:00,0,2020-03-16 00:00:00,2020-07-03 00:00:00,0,2020-03-16 00:00:00,2020-08-27 00:00:00,2020-03-16 00:00:00,0,2020-03-16 00:00:00,2020-07-03 00:00:00,2020-07-03 00:00:00,2020-06-01 00:00:00,2020-07-03 00:00:00,0,0,0,0,0,0,0,0,2020-03-18 00:00:00,0,2020-03-18 00:00:00,0,2020-03-20 00:00:00,0,0,0,2020-04-17 00:00:00,2020-04-17 00:00:00,0,0,2020-04-17 00:00:00,0,0,2020-04-17 00:00:00,0,0,2020-04-17 00:00:00,0,0,0,2020-03-27 00:00:00,2020-05-22 00:00:00,0,1,2020-03-19 00:00:00,2020-03-10 00:00:00,0,2020-03-25 00:00:00,2020-03-25 00:00:00,1,0,1,1,1,1,1,1,1,1,1,1,1,1,1,1,1,1,1,1,1,1,1,1,1,1,1,1,1,1,1,2020-03-13 00:00:00,0,0,0,1,0,0,2020-03-19 00:00:00,2020-05-18 00:00:00,0,2020-03-18 00:00:00,1,1,1,0,0,0,790,1390,26,39,0,0,0,0,0,0,0,1,1,105.69,7535591,71298,21577,4.3,10.3,35.1,56877,373.3,0,0,1,0,0,0
52,West Virginia,WV,54,2020-03-16 00:00:00,2020-03-16 00:00:00,2020-03-26 00:00:00,2020-04-30 00:00:00,2020-08-12 00:00:00,2020-03-24 00:00:00,0,2020-05-05 00:00:00,2020-03-24 00:00:00,2020-05-04 00:00:00,1,2020-07-07 00:00:00,0,0,1,2020-05-04 00:00:00,0,0,1,2020-03-18 00:00:00,2020-03-18 00:00:00,1,2020-03-18 00:00:00,2020-05-04 00:00:00,1,2020-03-19 00:00:00,2020-05-18 00:00:00,2020-03-24 00:00:00,2020-06-05 00:00:00,2020-03-18 00:00:00,2020-05-26 00:00:00,2020-05-04 00:00:00,0,2020-05-21 00:00:00,2020-07-14 00:00:00,0,0,0,0,2020-03-31 00:00:00,0,2020-05-21 00:00:00,2020-04-22 00:00:00,2020-05-18 00:00:00,0,0,2020-03-23 00:00:00,2020-05-18 00:00:00,2020-05-18 00:00:00,0,0,0,0,0,0,0,0,0,0,0,0,0,0,0,2020-03-27 00:00:00,2020-04-30 00:00:00,0,1,2020-03-30 00:00:00,0,0,2020-03-16 00:00:00,2020-03-17 00:00:00,0,0,1,1,1,1,1,1,1,1,1,1,0,0,1,1,0,0,0,0,0,0,0,1,0,1,0,0,0,0,0,2020-03-11 00:00:00,0,0,0,0,1,0,2020-04-01 00:00:00,2020-04-27 00:00:00,0,2020-03-19 00:00:00,1,1,1,0,0,0,424,1024,26,39,1,0,0,0,2020-03-31 00:00:00,2020-03-31 00:00:00,0,0,1,74.53,1805832,24230,1397,5.8,17.8,49.3,23478,127.8,0,0,0,0,2,2020-10-28 00:00:00
53,Wisconsin,WI,55,2020-03-12 00:00:00,2020-03-18 00:00:00,0,0,0,2020-03-25 00:00:00,0,2020-05-13 00:00:00,2020-03-25 00:00:00,2020-05-11 00:00:00,0,2020-08-01 00:00:00,1,0,0,2020-08-01 00:00:00,0,0,1,2020-03-20 00:00:00,0,1,2020-03-17 00:00:00,2020-05-13 00:00:00,0,2020-03-25 00:00:00,2020-05-13 00:00:00,2020-03-25 00:00:00,2020-05-13 00:00:00,2020-03-17 00:00:00,2020-05-13 00:00:00,2020-05-13 00:00:00,2020-05-13 00:00:00,2020-05-11 00:00:00,0,0,0,0,0,0,0,0,2020-03-27 00:00:00,2020-05-26 00:00:00,2020-03-27 00:00:00,0,0,0,2020-05-27 00:00:00,0,2020-03-13 00:00:00,2020-03-13 00:00:00,0,0,2020-03-13 00:00:00,0,0,2020-03-13 00:00:00,0,0,0,0,0,0,2020-04-01 00:00:00,2020-04-22 00:00:00,0,1,2020-04-20 00:00:00,0,0,2020-03-17 00:00:00,2020-03-12 00:00:00,1,0,0,0,0,0,1,1,1,1,1,1,0,0,0,0,0,1,1,1,1,1,1,1,1,1,0,0,1,1,1,2020-03-13 00:00:00,0,0,0,1,0,0,0,0,0,0,1,1,1,0,0,0,370,970,26,39,0,0,0,0,0,0,0,0,0,88.76,5813568,65496,4538,3.2,11,36.5,53684,200.2,0,1,0,0,1,2020-10-29 00:00:00
54,Wyoming,WY,56,2020-03-13 00:00:00,2020-03-19 00:00:00,2020-03-19 00:00:00,2020-05-01 00:00:00,0,0,0,0,2020-03-19 00:00:00,2020-05-01 00:00:00,0,0,0,0,0,2020-05-01 00:00:00,0,0,1,2020-03-30 00:00:00,0,1,2020-03-19 00:00:00,2020-05-15 00:00:00,0,2020-03-19 00:00:00,2020-05-01 00:00:00,2020-03-19 00:00:00,2020-05-15 00:00:00,2020-03-19 00:00:00,2020-05-15 00:00:00,2020-05-01 00:00:00,2020-05-15 00:00:00,0,0,0,0,0,0,0,2020-04-03 00:00:00,2020-05-08 00:00:00,0,0,0,0,0,0,0,2020-05-20 00:00:00,0,0,0,0,0,0,0,0,0,0,0,0,0,0,2020-04-01 00:00:00,2020-04-16 00:00:00,0,0,2020-03-27 00:00:00,0,0,0,0,0,0,0,0,0,0,1,1,1,1,1,1,0,0,0,0,0,0,0,0,0,1,0,1,1,1,0,0,1,1,1,2020-03-18 00:00:00,0,0,1,0,0,0,0,0,1,0,0,0,1,0,0,0,508,1108,26,39,0,0,0,0,0,0,0,0,0,5.91,577737,97813,548,3.9,11.1,36.4,5070,343.2,0,0,0,0,1,0
